Workbook

Sheet Resultados
A1: XXIII Mundial USA/MEX/CAN 2026
B3: Fecha | C3: Hora | D3: Jor. | E3: Casa | F3: Gol | G3: Gol | H3: Fuera
A4: A | B4: 46184 | C4: 0.875 | D4: J1 | E4: México | F4: 2 | G4: 0 | H4: Sudáfrica
B5: 46185 | C5: 0.16666667 | D5: J1 | E5: Corea del Sur | F5: 2 | G5: 1 | H5: República Checa
B6: 46191 | C6: 0.75 | D6: J2 | E6: República Checa | H6: Sudáfrica
B7: 46192 | C7: 0.125 | D7: J2 | E7: México | H7: Corea del Sur
B8: 46198 | C8: 0.125 | D8: J3 | E8: República Checa | H8: México
B9: 46198 | C9: 0.125 | D9: J3 | E9: Sudáfrica | H9: Corea del Sur
B11: Fecha | C11: Hora | D11: Jor. | E11: Casa | F11: Gol | G11: Gol | H11: Fuera
A12: B | B12: 46185 | C12: 0.875 | D12: J1 | E12: Canadá | F12: 1 | G12: 1 | H12: Bosnia y Herzegovina
B13: 46186 | C13: 0.875 | D13: J1 | E13: Catar | F13: 1 | G13: 1 | H13: Suiza
B14: 46191 | C14: 0.875 | D14: J2 | E14: Suiza | H14: Bosnia y Herzegovina
B15: 46192 | C15: 0 | D15: J2 | E15: Canadá | H15: Catar
B16: 46197 | C16: 0.875 | D16: J3 | E16: Suiza | H16: Canadá
B17: 46197 | C17: 0.875 | D17: J3 | E17: Bosnia y Herzegovina | H17: Catar
B19: Fecha | C19: Hora | D19: Jor. | E19: Casa | F19: Gol | G19: Gol | H19: Fuera
A20: C | B20: 46187 | C20: 0 | D20: J1 | E20: Brasil | F20: 1 | G20: 1 | H20: Marruecos
B21: 46187 | C21: 0.125 | D21: J1 | E21: Haití | F21: 0 | G21: 1 | H21: Escocia
B22: 46193 | C22: 0 | D22: J2 | E22: Escocia | H22: Marruecos
B23: 46193 | C23: 0.10416667 | D23: J2 | E23: Brasil | H23: Haití
B24: 46198 | C24: 0 | D24: J3 | E24: Escocia | H24: Brasil
B25: 46198 | C25: 0 | D25: J3 | E25: Marruecos | H25: Haití
B27: Fecha | C27: Hora | D27: Jor. | E27: Casa | F27: Gol | G27: Gol | H27: Fuera
A28: D | B28: 46186 | C28: 0.125 | D28: J1 | E28: Estados Unidos | F28: 4 | G28: 1 | H28: Paraguay
B29: 46187 | C29: 0.25 | D29: J1 | E29: Australia | F29: 2 | G29: 0 | H29: Turquía
B30: 46192 | C30: 0.875 | D30: J2 | E30: Estados Unidos | H30: Australia
B31: 46193 | C31: 0.20833333 | D31: J2 | E31: Turquía | H31: Paraguay
B32: 46199 | C32: 0.16666667 | D32: J3 | E32: Turquía | H32: Estados Unidos
B33: 46199 | C33: 0.16666667 | D33: J3 | E33: Paraguay | H33: Australia
B35: Fecha | C35: Hora | D35: Jor. | E35: Casa | F35: Gol | G35: Gol | H35: Fuera
A36: E | B36: 46187 | C36: 0.79166667 | D36: J1 | E36: Alemania | F36: 7 | G36: 1 | H36: Curazao
B37: 46188 | C37: 0.041666667 | D37: J1 | E37: Costa de Marfil | F37: 1 | G37: 0 | H37: Ecuador
B38: 46193 | C38: 0.91666667 | D38: J2 | E38: Alemania | H38: Costa de Marfil
B39: 46194 | C39: 0.083333333 | D39: J2 | E39: Ecuador | H39: Curazao
B40: 46198 | C40: 0.91666667 | D40: J3 | E40: Curazao | H40: Costa de Marfil
B41: 46198 | C41: 0.91666667 | D41: J3 | E41: Ecuador | H41: Alemania
B43: Fecha | C43: Hora | D43: Jor. | E43: Casa | F43: Gol | G43: Gol | H43: Fuera
A44: F | B44: 46187 | C44: 0.91666667 | D44: J1 | E44: Países Bajos | F44: 2 | G44: 2 | H44: Japón
B45: 46188 | C45: 0.16666667 | D45: J1 | E45: Suecia | F45: 5 | G45: 1 | H45: Túnez
B46: 46193 | C46: 0.79166667 | D46: J2 | E46: Países Bajos | H46: Suecia
B47: 46194 | C47: 0.25 | D47: J2 | E47: Túnez | H47: Japón
B48: 46199 | C48: 0.041666667 | D48: J3 | E48: Japón | H48: Suecia
B49: 46199 | C49: 0.041666667 | D49: J3 | E49: Túnez | H49: Países Bajos
B51: Fecha | C51: Hora | D51: Jor. | E51: Casa | F51: Gol | G51: Gol | H51: Fuera
A52: G | B52: 46188 | C52: 0.875 | D52: J1 | E52: Bélgica | H52: Egipto
B53: 46189 | C53: 0.125 | D53: J1 | E53: Irán | H53: Nueva Zelanda
B54: 46194 | C54: 0.875 | D54: J2 | E54: Bélgica | H54: Irán
B55: 46195 | C55: 0.125 | D55: J2 | E55: Nueva Zelanda | H55: Egipto
B56: 46200 | C56: 0.20833333 | D56: J3 | E56: Egipto | H56: Irán
B57: 46200 | C57: 0.20833333 | D57: J3 | E57: Nueva Zelanda | H57: Bélgica
B59: Fecha | C59: Hora | D59: Jor. | E59: Casa | F59: Gol | G59: Gol | H59: Fuera
A60: H | B60: 46188 | C60: 0.75 | D60: J1 | E60: España | H60: Cabo Verde
B61: 46189 | C61: 0 | D61: J1 | E61: Arabia Saudita | H61: Uruguay
B62: 46194 | C62: 0.75 | D62: J2 | E62: España | H62: Arabia Saudita
B63: 46195 | C63: 0 | D63: J2 | E63: Uruguay | H63: Cabo Verde
B64: 46200 | C64: 0.083333333 | D64: J3 | E64: Cabo Verde | H64: Arabia Saudita
B65: 46200 | C65: 0.083333333 | D65: J3 | E65: Uruguay | H65: España
B67: Fecha | C67: Hora | D67: Jor. | E67: Casa | F67: Gol | G67: Gol | H67: Fuera
A68: I | B68: 46189 | C68: 0.875 | D68: J1 | E68: Francia | H68: Senegal
B69: 46190 | C69: 0 | D69: J1 | E69: Irak | H69: Noruega
B70: 46195 | C70: 0.95833333 | D70: J2 | E70: Francia | H70: Irak
B71: 46196 | C71: 0.083333333 | D71: J2 | E71: Noruega | H71: Senegal
B72: 46199 | C72: 0.875 | D72: J3 | E72: Noruega | H72: Francia
B73: 46199 | C73: 0.875 | D73: J3 | E73: Senegal | H73: Irak
B75: Fecha | C75: Hora | D75: Jor. | E75: Casa | F75: Gol | G75: Gol | H75: Fuera
A76: J | B76: 46190 | C76: 0.125 | D76: J1 | E76: Argentina | H76: Argelia
B77: 46190 | C77: 0.25 | D77: J1 | E77: Austria | H77: Jordania
B78: 46195 | C78: 0.79166667 | D78: J2 | E78: Argentina | H78: Austria
B79: 46196 | C79: 0.20833333 | D79: J2 | E79: Jordania | H79: Argelia
B80: 46201 | C80: 0.16666667 | D80: J3 | E80: Argelia | H80: Austria
B81: 46201 | C81: 0.16666667 | D81: J3 | E81: Jordania | H81: Argentina
B83: Fecha | C83: Hora | D83: Jor. | E83: Casa | F83: Gol | G83: Gol | H83: Fuera
A84: K | B84: 46190 | C84: 0.79166667 | D84: J1 | E84: Portugal | H84: RD Congo
B85: 46191 | C85: 0.16666667 | D85: J1 | E85: Uzbekistán | H85: Colombia
B86: 46196 | C86: 0.79166667 | D86: J2 | E86: Portugal | H86: Uzbekistán
B87: 46197 | C87: 0.16666667 | D87: J2 | E87: Colombia | H87: RD Congo
B88: 46201 | C88: 0.0625 | D88: J3 | E88: Colombia | H88: Portugal
B89: 46201 | C89: 0.0625 | D89: J3 | E89: RD Congo | H89: Uzbekistán
B91: Fecha | C91: Hora | D91: Jor. | E91: Casa | F91: Gol | G91: Gol | H91: Fuera
A92: L | B92: 46190 | C92: 0.91666667 | D92: J1 | E92: Inglaterra | H92: Croacia
B93: 46191 | C93: 0.041666667 | D93: J1 | E93: Ghana | H93: Panamá
B94: 46196 | C94: 0.91666667 | D94: J2 | E94: Inglaterra | H94: Ghana
B95: 46197 | C95: 0.041666667 | D95: J2 | E95: Panamá | H95: Croacia
B96: 46200 | C96: 0.95833333 | D96: J3 | E96: Panamá | H96: Inglaterra
B97: 46200 | C97: 0.95833333 | D97: J3 | E97: Croacia | H97: Ghana

Sheet Ranking
D1: +2 puntos - marcador exacto
D2: +1 punto - resultado (ganador/empate)
A4: Usuario | B4: Puntos | D4: Posición | E4: Usuario | F4: Puntos
A5: Cindy | B5: =Cindy!L4 -> 3 | D5: 1 | E5: {=_xlfn._xlws.SORT(A5:B13,2,-1)} -> Lennon | F5: 6
A6: Wendy | B6: =Wendy!L4 -> 4 | D6: 2 | E6: Bere | F6: 5
A7: Jimmy | B7: =Jimmy!L4 -> 4 | D7: 3 | E7: Wendy | F7: 4
A8: Erick | B8: =Erick!L4 -> 4 | D8: 4 | E8: Jimmy | F8: 4
A9: Erik | B9: =Erik!L4 -> 4 | D9: 5 | E9: Erick | F9: 4
A10: Lennon | B10: =Lennon!L4 -> 6 | D10: 6 | E10: Erik | F10: 4
A11: Yulian | B11: =Yulian!L4 -> 3 | D11: 7 | E11: Cindy | F11: 3
A12: Packy | B12: =Packy!L4 -> 3 | D12: 8 | E12: Yulian | F12: 3
A13: Bere | B13: =Bere!L4 -> 5 | D13: 9 | E13: Packy | F13: 3

Sheet Cindy
A1: XXIII Mundial USA/MEX/CAN 2026
B3: Fecha | C3: Hora | D3: Jor. | E3: Local | F3: Gol | G3: Gol | H3: Visitante | J3: Puntos | L3: Total
A4: A | B4: 46184 | C4: 0.875 | D4: J1 | E4: México | F4: 2 | G4: 0 | H4: Sudáfrica | L4: =SUM(J:J) -> 3
B5: 46185 | C5: 0.16666667 | D5: J1 | E5: Corea del Sur | F5: 2 | G5: 1 | H5: República Checa
B6: 46191 | C6: 0.75 | D6: J2 | E6: República Checa | F6: 2 | G6: 0 | H6: Sudáfrica | J6: =IF(OR(Resultados!F6="",Resultados!G6=""),"",IF(AND(F6=Resultados!F6,G6=Resultados!G6),2,IF(((F6>G6)=(Resultados!F6>Resultados!G6))*((F6<G6)=(Resultados!F6<Resultados!G6)),1,0)))
B7: 46192 | C7: 0.125 | D7: J2 | E7: México | F7: 2 | G7: 1 | H7: Corea del Sur | J7: =IF(OR(Resultados!F7="",Resultados!G7=""),"",IF(AND(F7=Resultados!F7,G7=Resultados!G7),2,IF(((F7>G7)=(Resultados!F7>Resultados!G7))*((F7<G7)=(Resultados!F7<Resultados!G7)),1,0)))
B8: 46198 | C8: 0.125 | D8: J3 | E8: República Checa | F8: 1 | G8: 2 | H8: México | J8: =IF(OR(Resultados!F8="",Resultados!G8=""),"",IF(AND(F8=Resultados!F8,G8=Resultados!G8),2,IF(((F8>G8)=(Resultados!F8>Resultados!G8))*((F8<G8)=(Resultados!F8<Resultados!G8)),1,0)))
B9: 46198 | C9: 0.125 | D9: J3 | E9: Sudáfrica | F9: 1 | G9: 2 | H9: Corea del Sur | J9: =IF(OR(Resultados!F9="",Resultados!G9=""),"",IF(AND(F9=Resultados!F9,G9=Resultados!G9),2,IF(((F9>G9)=(Resultados!F9>Resultados!G9))*((F9<G9)=(Resultados!F9<Resultados!G9)),1,0)))
B11: Fecha | C11: Hora | D11: Jor. | E11: Local | F11: Gol | G11: Gol | H11: Visitante
A12: B | B12: 46185 | C12: 0.875 | D12: J1 | E12: Canadá | F12: 1 | G12: 1 | H12: Bosnia y Herzegovina
B13: 46186 | C13: 0.875 | D13: J1 | E13: Catar | F13: 1 | G13: 1 | H13: Suiza
B14: 46191 | C14: 0.875 | D14: J2 | E14: Suiza | F14: 2 | G14: 0 | H14: Bosnia y Herzegovina | J14: =IF(OR(Resultados!F14="",Resultados!G14=""),"",IF(AND(F14=Resultados!F14,G14=Resultados!G14),2,IF(((F14>G14)=(Resultados!F14>Resultados!G14))*((F14<G14)=(Resultados!F14<Resultados!G14)),1,0)))
B15: 46192 | C15: 0 | D15: J2 | E15: Canadá | F15: 2 | G15: 0 | H15: Catar | J15: =IF(OR(Resultados!F15="",Resultados!G15=""),"",IF(AND(F15=Resultados!F15,G15=Resultados!G15),2,IF(((F15>G15)=(Resultados!F15>Resultados!G15))*((F15<G15)=(Resultados!F15<Resultados!G15)),1,0)))
B16: 46197 | C16: 0.875 | D16: J3 | E16: Suiza | F16: 1 | G16: 0 | H16: Canadá | J16: =IF(OR(Resultados!F16="",Resultados!G16=""),"",IF(AND(F16=Resultados!F16,G16=Resultados!G16),2,IF(((F16>G16)=(Resultados!F16>Resultados!G16))*((F16<G16)=(Resultados!F16<Resultados!G16)),1,0)))
B17: 46197 | C17: 0.875 | D17: J3 | E17: Bosnia y Herzegovina | F17: 1 | G17: 0 | H17: Catar | J17: =IF(OR(Resultados!F17="",Resultados!G17=""),"",IF(AND(F17=Resultados!F17,G17=Resultados!G17),2,IF(((F17>G17)=(Resultados!F17>Resultados!G17))*((F17<G17)=(Resultados!F17<Resultados!G17)),1,0)))
B19: Fecha | C19: Hora | D19: Jor. | E19: Local | F19: Gol | G19: Gol | H19: Visitante
A20: C | B20: 46187 | C20: 0 | D20: J1 | E20: Brasil | F20: 1 | G20: 1 | H20: Marruecos
B21: 46187 | C21: 0.125 | D21: J1 | E21: Haití | F21: 0 | G21: 2 | H21: Escocia | J21: =IF(OR(Resultados!F21="",Resultados!G21=""),"",IF(AND(F21=Resultados!F21,G21=Resultados!G21),2,IF(((F21>G21)=(Resultados!F21>Resultados!G21))*((F21<G21)=(Resultados!F21<Resultados!G21)),1,0))) -> 1
B22: 46193 | C22: 0 | D22: J2 | E22: Escocia | F22: 0 | G22: 1 | H22: Marruecos | J22: =IF(OR(Resultados!F22="",Resultados!G22=""),"",IF(AND(F22=Resultados!F22,G22=Resultados!G22),2,IF(((F22>G22)=(Resultados!F22>Resultados!G22))*((F22<G22)=(Resultados!F22<Resultados!G22)),1,0)))
B23: 46193 | C23: 0.10416667 | D23: J2 | E23: Brasil | F23: 3 | G23: 0 | H23: Haití | J23: =IF(OR(Resultados!F23="",Resultados!G23=""),"",IF(AND(F23=Resultados!F23,G23=Resultados!G23),2,IF(((F23>G23)=(Resultados!F23>Resultados!G23))*((F23<G23)=(Resultados!F23<Resultados!G23)),1,0)))
B24: 46198 | C24: 0 | D24: J3 | E24: Escocia | F24: 0 | G24: 2 | H24: Brasil | J24: =IF(OR(Resultados!F24="",Resultados!G24=""),"",IF(AND(F24=Resultados!F24,G24=Resultados!G24),2,IF(((F24>G24)=(Resultados!F24>Resultados!G24))*((F24<G24)=(Resultados!F24<Resultados!G24)),1,0)))
B25: 46198 | C25: 0 | D25: J3 | E25: Marruecos | F25: 2 | G25: 0 | H25: Haití | J25: =IF(OR(Resultados!F25="",Resultados!G25=""),"",IF(AND(F25=Resultados!F25,G25=Resultados!G25),2,IF(((F25>G25)=(Resultados!F25>Resultados!G25))*((F25<G25)=(Resultados!F25<Resultados!G25)),1,0)))
B27: Fecha | C27: Hora | D27: Jor. | E27: Local | F27: Gol | G27: Gol | H27: Visitante
A28: D | B28: 46186 | C28: 0.125 | D28: J1 | E28: Estados Unidos | F28: 4 | G28: 1 | H28: Paraguay
B29: 46187 | C29: 0.25 | D29: J1 | E29: Australia | F29: 0 | G29: 1 | H29: Turquía | J29: =IF(OR(Resultados!F29="",Resultados!G29=""),"",IF(AND(F29=Resultados!F29,G29=Resultados!G29),2,IF(((F29>G29)=(Resultados!F29>Resultados!G29))*((F29<G29)=(Resultados!F29<Resultados!G29)),1,0))) -> 0
B30: 46192 | C30: 0.875 | D30: J2 | E30: Estados Unidos | F30: 1 | G30: 0 | H30: Australia | J30: =IF(OR(Resultados!F30="",Resultados!G30=""),"",IF(AND(F30=Resultados!F30,G30=Resultados!G30),2,IF(((F30>G30)=(Resultados!F30>Resultados!G30))*((F30<G30)=(Resultados!F30<Resultados!G30)),1,0)))
B31: 46193 | C31: 0.20833333 | D31: J2 | E31: Turquía | F31: 2 | G31: 1 | H31: Paraguay | J31: =IF(OR(Resultados!F31="",Resultados!G31=""),"",IF(AND(F31=Resultados!F31,G31=Resultados!G31),2,IF(((F31>G31)=(Resultados!F31>Resultados!G31))*((F31<G31)=(Resultados!F31<Resultados!G31)),1,0)))
B32: 46199 | C32: 0.16666667 | D32: J3 | E32: Turquía | F32: 1 | G32: 1 | H32: Estados Unidos | J32: =IF(OR(Resultados!F32="",Resultados!G32=""),"",IF(AND(F32=Resultados!F32,G32=Resultados!G32),2,IF(((F32>G32)=(Resultados!F32>Resultados!G32))*((F32<G32)=(Resultados!F32<Resultados!G32)),1,0)))
B33: 46199 | C33: 0.16666667 | D33: J3 | E33: Paraguay | F33: 1 | G33: 0 | H33: Australia | J33: =IF(OR(Resultados!F33="",Resultados!G33=""),"",IF(AND(F33=Resultados!F33,G33=Resultados!G33),2,IF(((F33>G33)=(Resultados!F33>Resultados!G33))*((F33<G33)=(Resultados!F33<Resultados!G33)),1,0)))
B35: Fecha | C35: Hora | D35: Jor. | E35: Local | F35: Gol | G35: Gol | H35: Visitante
A36: E | B36: 46187 | C36: 0.79166667 | D36: J1 | E36: Alemania | F36: 3 | G36: 0 | H36: Curazao | J36: =IF(OR(Resultados!F36="",Resultados!G36=""),"",IF(AND(F36=Resultados!F36,G36=Resultados!G36),2,IF(((F36>G36)=(Resultados!F36>Resultados!G36))*((F36<G36)=(Resultados!F36<Resultados!G36)),1,0))) -> 1
B37: 46188 | C37: 0.041666667 | D37: J1 | E37: Costa de Marfil | F37: 1 | G37: 1 | H37: Ecuador | J37: =IF(OR(Resultados!F37="",Resultados!G37=""),"",IF(AND(F37=Resultados!F37,G37=Resultados!G37),2,IF(((F37>G37)=(Resultados!F37>Resultados!G37))*((F37<G37)=(Resultados!F37<Resultados!G37)),1,0))) -> 0
B38: 46193 | C38: 0.91666667 | D38: J2 | E38: Alemania | F38: 2 | G38: 0 | H38: Costa de Marfil | J38: =IF(OR(Resultados!F38="",Resultados!G38=""),"",IF(AND(F38=Resultados!F38,G38=Resultados!G38),2,IF(((F38>G38)=(Resultados!F38>Resultados!G38))*((F38<G38)=(Resultados!F38<Resultados!G38)),1,0)))
B39: 46194 | C39: 0.083333333 | D39: J2 | E39: Ecuador | F39: 2 | G39: 0 | H39: Curazao | J39: =IF(OR(Resultados!F39="",Resultados!G39=""),"",IF(AND(F39=Resultados!F39,G39=Resultados!G39),2,IF(((F39>G39)=(Resultados!F39>Resultados!G39))*((F39<G39)=(Resultados!F39<Resultados!G39)),1,0)))
B40: 46198 | C40: 0.91666667 | D40: J3 | E40: Curazao | F40: 0 | G40: 2 | H40: Costa de Marfil | J40: =IF(OR(Resultados!F40="",Resultados!G40=""),"",IF(AND(F40=Resultados!F40,G40=Resultados!G40),2,IF(((F40>G40)=(Resultados!F40>Resultados!G40))*((F40<G40)=(Resultados!F40<Resultados!G40)),1,0)))
B41: 46198 | C41: 0.91666667 | D41: J3 | E41: Ecuador | F41: 0 | G41: 2 | H41: Alemania | J41: =IF(OR(Resultados!F41="",Resultados!G41=""),"",IF(AND(F41=Resultados!F41,G41=Resultados!G41),2,IF(((F41>G41)=(Resultados!F41>Resultados!G41))*((F41<G41)=(Resultados!F41<Resultados!G41)),1,0)))
B43: Fecha | C43: Hora | D43: Jor. | E43: Local | F43: Gol | G43: Gol | H43: Visitante
A44: F | B44: 46187 | C44: 0.91666667 | D44: J1 | E44: Países Bajos | F44: 2 | G44: 1 | H44: Japón | J44: =IF(OR(Resultados!F44="",Resultados!G44=""),"",IF(AND(F44=Resultados!F44,G44=Resultados!G44),2,IF(((F44>G44)=(Resultados!F44>Resultados!G44))*((F44<G44)=(Resultados!F44<Resultados!G44)),1,0))) -> 0
B45: 46188 | C45: 0.16666667 | D45: J1 | E45: Suecia | F45: 1 | G45: 0 | H45: Túnez | J45: =IF(OR(Resultados!F45="",Resultados!G45=""),"",IF(AND(F45=Resultados!F45,G45=Resultados!G45),2,IF(((F45>G45)=(Resultados!F45>Resultados!G45))*((F45<G45)=(Resultados!F45<Resultados!G45)),1,0))) -> 1
B46: 46193 | C46: 0.79166667 | D46: J2 | E46: Países Bajos | F46: 2 | G46: 1 | H46: Suecia | J46: =IF(OR(Resultados!F46="",Resultados!G46=""),"",IF(AND(F46=Resultados!F46,G46=Resultados!G46),2,IF(((F46>G46)=(Resultados!F46>Resultados!G46))*((F46<G46)=(Resultados!F46<Resultados!G46)),1,0)))
B47: 46194 | C47: 0.25 | D47: J2 | E47: Túnez | F47: 0 | G47: 1 | H47: Japón | J47: =IF(OR(Resultados!F47="",Resultados!G47=""),"",IF(AND(F47=Resultados!F47,G47=Resultados!G47),2,IF(((F47>G47)=(Resultados!F47>Resultados!G47))*((F47<G47)=(Resultados!F47<Resultados!G47)),1,0)))
B48: 46199 | C48: 0.041666667 | D48: J3 | E48: Japón | F48: 1 | G48: 0 | H48: Suecia | J48: =IF(OR(Resultados!F48="",Resultados!G48=""),"",IF(AND(F48=Resultados!F48,G48=Resultados!G48),2,IF(((F48>G48)=(Resultados!F48>Resultados!G48))*((F48<G48)=(Resultados!F48<Resultados!G48)),1,0)))
B49: 46199 | C49: 0.041666667 | D49: J3 | E49: Túnez | F49: 0 | G49: 2 | H49: Países Bajos | J49: =IF(OR(Resultados!F49="",Resultados!G49=""),"",IF(AND(F49=Resultados!F49,G49=Resultados!G49),2,IF(((F49>G49)=(Resultados!F49>Resultados!G49))*((F49<G49)=(Resultados!F49<Resultados!G49)),1,0)))
B51: Fecha | C51: Hora | D51: Jor. | E51: Local | F51: Gol | G51: Gol | H51: Visitante
A52: G | B52: 46188 | C52: 0.875 | D52: J1 | E52: Bélgica | F52: 2 | G52: 0 | H52: Egipto | J52: =IF(OR(Resultados!F52="",Resultados!G52=""),"",IF(AND(F52=Resultados!F52,G52=Resultados!G52),2,IF(((F52>G52)=(Resultados!F52>Resultados!G52))*((F52<G52)=(Resultados!F52<Resultados!G52)),1,0)))
B53: 46189 | C53: 0.125 | D53: J1 | E53: Irán | F53: 1 | G53: 0 | H53: Nueva Zelanda | J53: =IF(OR(Resultados!F53="",Resultados!G53=""),"",IF(AND(F53=Resultados!F53,G53=Resultados!G53),2,IF(((F53>G53)=(Resultados!F53>Resultados!G53))*((F53<G53)=(Resultados!F53<Resultados!G53)),1,0)))
B54: 46194 | C54: 0.875 | D54: J2 | E54: Bélgica | F54: 2 | G54: 0 | H54: Irán | J54: =IF(OR(Resultados!F54="",Resultados!G54=""),"",IF(AND(F54=Resultados!F54,G54=Resultados!G54),2,IF(((F54>G54)=(Resultados!F54>Resultados!G54))*((F54<G54)=(Resultados!F54<Resultados!G54)),1,0)))
B55: 46195 | C55: 0.125 | D55: J2 | E55: Nueva Zelanda | F55: 0 | G55: 1 | H55: Egipto | J55: =IF(OR(Resultados!F55="",Resultados!G55=""),"",IF(AND(F55=Resultados!F55,G55=Resultados!G55),2,IF(((F55>G55)=(Resultados!F55>Resultados!G55))*((F55<G55)=(Resultados!F55<Resultados!G55)),1,0)))
B56: 46200 | C56: 0.20833333 | D56: J3 | E56: Egipto | F56: 1 | G56: 1 | H56: Irán | J56: =IF(OR(Resultados!F56="",Resultados!G56=""),"",IF(AND(F56=Resultados!F56,G56=Resultados!G56),2,IF(((F56>G56)=(Resultados!F56>Resultados!G56))*((F56<G56)=(Resultados!F56<Resultados!G56)),1,0)))
B57: 46200 | C57: 0.20833333 | D57: J3 | E57: Nueva Zelanda | F57: 0 | G57: 2 | H57: Bélgica | J57: =IF(OR(Resultados!F57="",Resultados!G57=""),"",IF(AND(F57=Resultados!F57,G57=Resultados!G57),2,IF(((F57>G57)=(Resultados!F57>Resultados!G57))*((F57<G57)=(Resultados!F57<Resultados!G57)),1,0)))
B59: Fecha | C59: Hora | D59: Jor. | E59: Local | F59: Gol | G59: Gol | H59: Visitante
A60: H | B60: 46188 | C60: 0.75 | D60: J1 | E60: España | F60: 3 | G60: 0 | H60: Cabo Verde | J60: =IF(OR(Resultados!F60="",Resultados!G60=""),"",IF(AND(F60=Resultados!F60,G60=Resultados!G60),2,IF(((F60>G60)=(Resultados!F60>Resultados!G60))*((F60<G60)=(Resultados!F60<Resultados!G60)),1,0)))
B61: 46189 | C61: 0 | D61: J1 | E61: Arabia Saudita | F61: 0 | G61: 2 | H61: Uruguay | J61: =IF(OR(Resultados!F61="",Resultados!G61=""),"",IF(AND(F61=Resultados!F61,G61=Resultados!G61),2,IF(((F61>G61)=(Resultados!F61>Resultados!G61))*((F61<G61)=(Resultados!F61<Resultados!G61)),1,0)))
B62: 46194 | C62: 0.75 | D62: J2 | E62: España | F62: 3 | G62: 0 | H62: Arabia Saudita | J62: =IF(OR(Resultados!F62="",Resultados!G62=""),"",IF(AND(F62=Resultados!F62,G62=Resultados!G62),2,IF(((F62>G62)=(Resultados!F62>Resultados!G62))*((F62<G62)=(Resultados!F62<Resultados!G62)),1,0)))
B63: 46195 | C63: 0 | D63: J2 | E63: Uruguay | F63: 2 | G63: 0 | H63: Cabo Verde | J63: =IF(OR(Resultados!F63="",Resultados!G63=""),"",IF(AND(F63=Resultados!F63,G63=Resultados!G63),2,IF(((F63>G63)=(Resultados!F63>Resultados!G63))*((F63<G63)=(Resultados!F63<Resultados!G63)),1,0)))
B64: 46200 | C64: 0.083333333 | D64: J3 | E64: Cabo Verde | F64: 1 | G64: 1 | H64: Arabia Saudita | J64: =IF(OR(Resultados!F64="",Resultados!G64=""),"",IF(AND(F64=Resultados!F64,G64=Resultados!G64),2,IF(((F64>G64)=(Resultados!F64>Resultados!G64))*((F64<G64)=(Resultados!F64<Resultados!G64)),1,0)))
B65: 46200 | C65: 0.083333333 | D65: J3 | E65: Uruguay | F65: 1 | G65: 2 | H65: España | J65: =IF(OR(Resultados!F65="",Resultados!G65=""),"",IF(AND(F65=Resultados!F65,G65=Resultados!G65),2,IF(((F65>G65)=(Resultados!F65>Resultados!G65))*((F65<G65)=(Resultados!F65<Resultados!G65)),1,0)))
B67: Fecha | C67: Hora | D67: Jor. | E67: Local | F67: Gol | G67: Gol | H67: Visitante
A68: I | B68: 46189 | C68: 0.875 | D68: J1 | E68: Francia | F68: 2 | G68: 1 | H68: Senegal | J68: =IF(OR(Resultados!F68="",Resultados!G68=""),"",IF(AND(F68=Resultados!F68,G68=Resultados!G68),2,IF(((F68>G68)=(Resultados!F68>Resultados!G68))*((F68<G68)=(Resultados!F68<Resultados!G68)),1,0)))
B69: 46190 | C69: 0 | D69: J1 | E69: Irak | F69: 0 | G69: 2 | H69: Noruega | J69: =IF(OR(Resultados!F69="",Resultados!G69=""),"",IF(AND(F69=Resultados!F69,G69=Resultados!G69),2,IF(((F69>G69)=(Resultados!F69>Resultados!G69))*((F69<G69)=(Resultados!F69<Resultados!G69)),1,0)))
B70: 46195 | C70: 0.95833333 | D70: J2 | E70: Francia | F70: 2 | G70: 0 | H70: Irak | J70: =IF(OR(Resultados!F70="",Resultados!G70=""),"",IF(AND(F70=Resultados!F70,G70=Resultados!G70),2,IF(((F70>G70)=(Resultados!F70>Resultados!G70))*((F70<G70)=(Resultados!F70<Resultados!G70)),1,0)))
B71: 46196 | C71: 0.083333333 | D71: J2 | E71: Noruega | F71: 2 | G71: 1 | H71: Senegal | J71: =IF(OR(Resultados!F71="",Resultados!G71=""),"",IF(AND(F71=Resultados!F71,G71=Resultados!G71),2,IF(((F71>G71)=(Resultados!F71>Resultados!G71))*((F71<G71)=(Resultados!F71<Resultados!G71)),1,0)))
B72: 46199 | C72: 0.875 | D72: J3 | E72: Noruega | F72: 1 | G72: 2 | H72: Francia | J72: =IF(OR(Resultados!F72="",Resultados!G72=""),"",IF(AND(F72=Resultados!F72,G72=Resultados!G72),2,IF(((F72>G72)=(Resultados!F72>Resultados!G72))*((F72<G72)=(Resultados!F72<Resultados!G72)),1,0)))
B73: 46199 | C73: 0.875 | D73: J3 | E73: Senegal | F73: 2 | G73: 0 | H73: Irak | J73: =IF(OR(Resultados!F73="",Resultados!G73=""),"",IF(AND(F73=Resultados!F73,G73=Resultados!G73),2,IF(((F73>G73)=(Resultados!F73>Resultados!G73))*((F73<G73)=(Resultados!F73<Resultados!G73)),1,0)))
B75: Fecha | C75: Hora | D75: Jor. | E75: Local | F75: Gol | G75: Gol | H75: Visitante
A76: J | B76: 46190 | C76: 0.125 | D76: J1 | E76: Argentina | F76: 2 | G76: 0 | H76: Argelia | J76: =IF(OR(Resultados!F76="",Resultados!G76=""),"",IF(AND(F76=Resultados!F76,G76=Resultados!G76),2,IF(((F76>G76)=(Resultados!F76>Resultados!G76))*((F76<G76)=(Resultados!F76<Resultados!G76)),1,0)))
B77: 46190 | C77: 0.25 | D77: J1 | E77: Austria | F77: 2 | G77: 0 | H77: Jordania | J77: =IF(OR(Resultados!F77="",Resultados!G77=""),"",IF(AND(F77=Resultados!F77,G77=Resultados!G77),2,IF(((F77>G77)=(Resultados!F77>Resultados!G77))*((F77<G77)=(Resultados!F77<Resultados!G77)),1,0)))
B78: 46195 | C78: 0.79166667 | D78: J2 | E78: Argentina | F78: 2 | G78: 0 | H78: Austria | J78: =IF(OR(Resultados!F78="",Resultados!G78=""),"",IF(AND(F78=Resultados!F78,G78=Resultados!G78),2,IF(((F78>G78)=(Resultados!F78>Resultados!G78))*((F78<G78)=(Resultados!F78<Resultados!G78)),1,0)))
B79: 46196 | C79: 0.20833333 | D79: J2 | E79: Jordania | F79: 0 | G79: 1 | H79: Argelia | J79: =IF(OR(Resultados!F79="",Resultados!G79=""),"",IF(AND(F79=Resultados!F79,G79=Resultados!G79),2,IF(((F79>G79)=(Resultados!F79>Resultados!G79))*((F79<G79)=(Resultados!F79<Resultados!G79)),1,0)))
B80: 46201 | C80: 0.16666667 | D80: J3 | E80: Argelia | F80: 1 | G80: 1 | H80: Austria | J80: =IF(OR(Resultados!F80="",Resultados!G80=""),"",IF(AND(F80=Resultados!F80,G80=Resultados!G80),2,IF(((F80>G80)=(Resultados!F80>Resultados!G80))*((F80<G80)=(Resultados!F80<Resultados!G80)),1,0)))
B81: 46201 | C81: 0.16666667 | D81: J3 | E81: Jordania | F81: 0 | G81: 3 | H81: Argentina | J81: =IF(OR(Resultados!F81="",Resultados!G81=""),"",IF(AND(F81=Resultados!F81,G81=Resultados!G81),2,IF(((F81>G81)=(Resultados!F81>Resultados!G81))*((F81<G81)=(Resultados!F81<Resultados!G81)),1,0)))
B83: Fecha | C83: Hora | D83: Jor. | E83: Local | F83: Gol | G83: Gol | H83: Visitante
A84: K | B84: 46190 | C84: 0.79166667 | D84: J1 | E84: Portugal | F84: 2 | G84: 0 | H84: RD Congo | J84: =IF(OR(Resultados!F84="",Resultados!G84=""),"",IF(AND(F84=Resultados!F84,G84=Resultados!G84),2,IF(((F84>G84)=(Resultados!F84>Resultados!G84))*((F84<G84)=(Resultados!F84<Resultados!G84)),1,0)))
B85: 46191 | C85: 0.16666667 | D85: J1 | E85: Uzbekistán | F85: 1 | G85: 2 | H85: Colombia | J85: =IF(OR(Resultados!F85="",Resultados!G85=""),"",IF(AND(F85=Resultados!F85,G85=Resultados!G85),2,IF(((F85>G85)=(Resultados!F85>Resultados!G85))*((F85<G85)=(Resultados!F85<Resultados!G85)),1,0)))
B86: 46196 | C86: 0.79166667 | D86: J2 | E86: Portugal | F86: 2 | G86: 0 | H86: Uzbekistán | J86: =IF(OR(Resultados!F86="",Resultados!G86=""),"",IF(AND(F86=Resultados!F86,G86=Resultados!G86),2,IF(((F86>G86)=(Resultados!F86>Resultados!G86))*((F86<G86)=(Resultados!F86<Resultados!G86)),1,0)))
B87: 46197 | C87: 0.16666667 | D87: J2 | E87: Colombia | F87: 2 | G87: 0 | H87: RD Congo | J87: =IF(OR(Resultados!F87="",Resultados!G87=""),"",IF(AND(F87=Resultados!F87,G87=Resultados!G87),2,IF(((F87>G87)=(Resultados!F87>Resultados!G87))*((F87<G87)=(Resultados!F87<Resultados!G87)),1,0)))
B88: 46201 | C88: 0.0625 | D88: J3 | E88: Colombia | F88: 1 | G88: 2 | H88: Portugal | J88: =IF(OR(Resultados!F88="",Resultados!G88=""),"",IF(AND(F88=Resultados!F88,G88=Resultados!G88),2,IF(((F88>G88)=(Resultados!F88>Resultados!G88))*((F88<G88)=(Resultados!F88<Resultados!G88)),1,0)))
B89: 46201 | C89: 0.0625 | D89: J3 | E89: RD Congo | F89: 1 | G89: 1 | H89: Uzbekistán | J89: =IF(OR(Resultados!F89="",Resultados!G89=""),"",IF(AND(F89=Resultados!F89,G89=Resultados!G89),2,IF(((F89>G89)=(Resultados!F89>Resultados!G89))*((F89<G89)=(Resultados!F89<Resultados!G89)),1,0)))
B91: Fecha | C91: Hora | D91: Jor. | E91: Local | F91: Gol | G91: Gol | H91: Visitante
A92: L | B92: 46190 | C92: 0.91666667 | D92: J1 | E92: Inglaterra | F92: 1 | G92: 1 | H92: Croacia | J92: =IF(OR(Resultados!F92="",Resultados!G92=""),"",IF(AND(F92=Resultados!F92,G92=Resultados!G92),2,IF(((F92>G92)=(Resultados!F92>Resultados!G92))*((F92<G92)=(Resultados!F92<Resultados!G92)),1,0)))
B93: 46191 | C93: 0.041666667 | D93: J1 | E93: Ghana | F93: 1 | G93: 0 | H93: Panamá | J93: =IF(OR(Resultados!F93="",Resultados!G93=""),"",IF(AND(F93=Resultados!F93,G93=Resultados!G93),2,IF(((F93>G93)=(Resultados!F93>Resultados!G93))*((F93<G93)=(Resultados!F93<Resultados!G93)),1,0)))
B94: 46196 | C94: 0.91666667 | D94: J2 | E94: Inglaterra | F94: 2 | G94: 0 | H94: Ghana | J94: =IF(OR(Resultados!F94="",Resultados!G94=""),"",IF(AND(F94=Resultados!F94,G94=Resultados!G94),2,IF(((F94>G94)=(Resultados!F94>Resultados!G94))*((F94<G94)=(Resultados!F94<Resultados!G94)),1,0)))
B95: 46197 | C95: 0.041666667 | D95: J2 | E95: Panamá | F95: 0 | G95: 2 | H95: Croacia | J95: =IF(OR(Resultados!F95="",Resultados!G95=""),"",IF(AND(F95=Resultados!F95,G95=Resultados!G95),2,IF(((F95>G95)=(Resultados!F95>Resultados!G95))*((F95<G95)=(Resultados!F95<Resultados!G95)),1,0)))
B96: 46200 | C96: 0.95833333 | D96: J3 | E96: Panamá | F96: 0 | G96: 2 | H96: Inglaterra | J96: =IF(OR(Resultados!F96="",Resultados!G96=""),"",IF(AND(F96=Resultados!F96,G96=Resultados!G96),2,IF(((F96>G96)=(Resultados!F96>Resultados!G96))*((F96<G96)=(Resultados!F96<Resultados!G96)),1,0)))
B97: 46200 | C97: 0.95833333 | D97: J3 | E97: Croacia | F97: 2 | G97: 1 | H97: Ghana | J97: =IF(OR(Resultados!F97="",Resultados!G97=""),"",IF(AND(F97=Resultados!F97,G97=Resultados!G97),2,IF(((F97>G97)=(Resultados!F97>Resultados!G97))*((F97<G97)=(Resultados!F97<Resultados!G97)),1,0)))

Sheet Wendy
A1: XXIII Mundial USA/MEX/CAN 2026
B3: Fecha | C3: Hora | D3: Jor. | E3: Casa | F3: Gol | G3: Gol | H3: Fuera | J3: Puntos | L3: Total
A4: A | B4: 46184 | C4: 0.875 | D4: J1 | E4: México | F4: 2 | G4: 0 | H4: Sudáfrica | L4: =SUM(J:J) -> 4
B5: 46185 | C5: 0.16666667 | D5: J1 | E5: Corea del Sur | F5: 2 | G5: 1 | H5: República Checa
B6: 46191 | C6: 0.75 | D6: J2 | E6: República Checa | F6: 2 | G6: 0 | H6: Sudáfrica | J6: =IF(OR(Resultados!F6="",Resultados!G6=""),"",IF(AND(F6=Resultados!F6,G6=Resultados!G6),2,IF(((F6>G6)=(Resultados!F6>Resultados!G6))*((F6<G6)=(Resultados!F6<Resultados!G6)),1,0)))
B7: 46192 | C7: 0.125 | D7: J2 | E7: México | F7: 3 | G7: 1 | H7: Corea del Sur | J7: =IF(OR(Resultados!F7="",Resultados!G7=""),"",IF(AND(F7=Resultados!F7,G7=Resultados!G7),2,IF(((F7>G7)=(Resultados!F7>Resultados!G7))*((F7<G7)=(Resultados!F7<Resultados!G7)),1,0)))
B8: 46198 | C8: 0.125 | D8: J3 | E8: República Checa | F8: 1 | G8: 2 | H8: México | J8: =IF(OR(Resultados!F8="",Resultados!G8=""),"",IF(AND(F8=Resultados!F8,G8=Resultados!G8),2,IF(((F8>G8)=(Resultados!F8>Resultados!G8))*((F8<G8)=(Resultados!F8<Resultados!G8)),1,0)))
B9: 46198 | C9: 0.125 | D9: J3 | E9: Sudáfrica | F9: 1 | G9: 1 | H9: Corea del Sur | J9: =IF(OR(Resultados!F9="",Resultados!G9=""),"",IF(AND(F9=Resultados!F9,G9=Resultados!G9),2,IF(((F9>G9)=(Resultados!F9>Resultados!G9))*((F9<G9)=(Resultados!F9<Resultados!G9)),1,0)))
B11: Fecha | C11: Hora | D11: Jor. | E11: Casa | F11: Gol | G11: Gol | H11: Fuera
A12: B | B12: 46185 | C12: 0.875 | D12: J1 | E12: Canadá | F12: 1 | G12: 1 | H12: Bosnia y Herzegovina
B13: 46186 | C13: 0.875 | D13: J1 | E13: Catar | F13: 1 | G13: 1 | H13: Suiza
B14: 46191 | C14: 0.875 | D14: J2 | E14: Suiza | F14: 1 | G14: 0 | H14: Bosnia y Herzegovina | J14: =IF(OR(Resultados!F14="",Resultados!G14=""),"",IF(AND(F14=Resultados!F14,G14=Resultados!G14),2,IF(((F14>G14)=(Resultados!F14>Resultados!G14))*((F14<G14)=(Resultados!F14<Resultados!G14)),1,0)))
B15: 46192 | C15: 0 | D15: J2 | E15: Canadá | F15: 2 | G15: 1 | H15: Catar | J15: =IF(OR(Resultados!F15="",Resultados!G15=""),"",IF(AND(F15=Resultados!F15,G15=Resultados!G15),2,IF(((F15>G15)=(Resultados!F15>Resultados!G15))*((F15<G15)=(Resultados!F15<Resultados!G15)),1,0)))
B16: 46197 | C16: 0.875 | D16: J3 | E16: Suiza | F16: 0 | G16: 2 | H16: Canadá | J16: =IF(OR(Resultados!F16="",Resultados!G16=""),"",IF(AND(F16=Resultados!F16,G16=Resultados!G16),2,IF(((F16>G16)=(Resultados!F16>Resultados!G16))*((F16<G16)=(Resultados!F16<Resultados!G16)),1,0)))
B17: 46197 | C17: 0.875 | D17: J3 | E17: Bosnia y Herzegovina | F17: 0 | G17: 1 | H17: Catar | J17: =IF(OR(Resultados!F17="",Resultados!G17=""),"",IF(AND(F17=Resultados!F17,G17=Resultados!G17),2,IF(((F17>G17)=(Resultados!F17>Resultados!G17))*((F17<G17)=(Resultados!F17<Resultados!G17)),1,0)))
B19: Fecha | C19: Hora | D19: Jor. | E19: Casa | F19: Gol | G19: Gol | H19: Fuera
A20: C | B20: 46187 | C20: 0 | D20: J1 | E20: Brasil | F20: 1 | G20: 1 | H20: Marruecos
B21: 46187 | C21: 0.125 | D21: J1 | E21: Haití | F21: 0 | G21: 2 | H21: Escocia | J21: =IF(OR(Resultados!F21="",Resultados!G21=""),"",IF(AND(F21=Resultados!F21,G21=Resultados!G21),2,IF(((F21>G21)=(Resultados!F21>Resultados!G21))*((F21<G21)=(Resultados!F21<Resultados!G21)),1,0))) -> 1
B22: 46193 | C22: 0 | D22: J2 | E22: Escocia | F22: 1 | G22: 1 | H22: Marruecos | J22: =IF(OR(Resultados!F22="",Resultados!G22=""),"",IF(AND(F22=Resultados!F22,G22=Resultados!G22),2,IF(((F22>G22)=(Resultados!F22>Resultados!G22))*((F22<G22)=(Resultados!F22<Resultados!G22)),1,0)))
B23: 46193 | C23: 0.10416667 | D23: J2 | E23: Brasil | F23: 4 | G23: 0 | H23: Haití | J23: =IF(OR(Resultados!F23="",Resultados!G23=""),"",IF(AND(F23=Resultados!F23,G23=Resultados!G23),2,IF(((F23>G23)=(Resultados!F23>Resultados!G23))*((F23<G23)=(Resultados!F23<Resultados!G23)),1,0)))
B24: 46198 | C24: 0 | D24: J3 | E24: Escocia | F24: 1 | G24: 3 | H24: Brasil | J24: =IF(OR(Resultados!F24="",Resultados!G24=""),"",IF(AND(F24=Resultados!F24,G24=Resultados!G24),2,IF(((F24>G24)=(Resultados!F24>Resultados!G24))*((F24<G24)=(Resultados!F24<Resultados!G24)),1,0)))
B25: 46198 | C25: 0 | D25: J3 | E25: Marruecos | F25: 2 | G25: 2 | H25: Haití | J25: =IF(OR(Resultados!F25="",Resultados!G25=""),"",IF(AND(F25=Resultados!F25,G25=Resultados!G25),2,IF(((F25>G25)=(Resultados!F25>Resultados!G25))*((F25<G25)=(Resultados!F25<Resultados!G25)),1,0)))
B27: Fecha | C27: Hora | D27: Jor. | E27: Casa | F27: Gol | G27: Gol | H27: Fuera
A28: D | B28: 46186 | C28: 0.125 | D28: J1 | E28: Estados Unidos | F28: 4 | G28: 1 | H28: Paraguay
B29: 46187 | C29: 0.25 | D29: J1 | E29: Australia | F29: 1 | G29: 0 | H29: Turquía | J29: =IF(OR(Resultados!F29="",Resultados!G29=""),"",IF(AND(F29=Resultados!F29,G29=Resultados!G29),2,IF(((F29>G29)=(Resultados!F29>Resultados!G29))*((F29<G29)=(Resultados!F29<Resultados!G29)),1,0))) -> 1
B30: 46192 | C30: 0.875 | D30: J2 | E30: Estados Unidos | F30: 3 | G30: 1 | H30: Australia | J30: =IF(OR(Resultados!F30="",Resultados!G30=""),"",IF(AND(F30=Resultados!F30,G30=Resultados!G30),2,IF(((F30>G30)=(Resultados!F30>Resultados!G30))*((F30<G30)=(Resultados!F30<Resultados!G30)),1,0)))
B31: 46193 | C31: 0.20833333 | D31: J2 | E31: Turquía | F31: 0 | G31: 1 | H31: Paraguay | J31: =IF(OR(Resultados!F31="",Resultados!G31=""),"",IF(AND(F31=Resultados!F31,G31=Resultados!G31),2,IF(((F31>G31)=(Resultados!F31>Resultados!G31))*((F31<G31)=(Resultados!F31<Resultados!G31)),1,0)))
B32: 46199 | C32: 0.16666667 | D32: J3 | E32: Turquía | F32: 0 | G32: 1 | H32: Estados Unidos | J32: =IF(OR(Resultados!F32="",Resultados!G32=""),"",IF(AND(F32=Resultados!F32,G32=Resultados!G32),2,IF(((F32>G32)=(Resultados!F32>Resultados!G32))*((F32<G32)=(Resultados!F32<Resultados!G32)),1,0)))
B33: 46199 | C33: 0.16666667 | D33: J3 | E33: Paraguay | F33: 2 | G33: 1 | H33: Australia | J33: =IF(OR(Resultados!F33="",Resultados!G33=""),"",IF(AND(F33=Resultados!F33,G33=Resultados!G33),2,IF(((F33>G33)=(Resultados!F33>Resultados!G33))*((F33<G33)=(Resultados!F33<Resultados!G33)),1,0)))
B35: Fecha | C35: Hora | D35: Jor. | E35: Casa | F35: Gol | G35: Gol | H35: Fuera
A36: E | B36: 46187 | C36: 0.79166667 | D36: J1 | E36: Alemania | F36: 3 | G36: 0 | H36: Curazao | J36: =IF(OR(Resultados!F36="",Resultados!G36=""),"",IF(AND(F36=Resultados!F36,G36=Resultados!G36),2,IF(((F36>G36)=(Resultados!F36>Resultados!G36))*((F36<G36)=(Resultados!F36<Resultados!G36)),1,0))) -> 1
B37: 46188 | C37: 0.041666667 | D37: J1 | E37: Costa de Marfil | F37: 0 | G37: 1 | H37: Ecuador | J37: =IF(OR(Resultados!F37="",Resultados!G37=""),"",IF(AND(F37=Resultados!F37,G37=Resultados!G37),2,IF(((F37>G37)=(Resultados!F37>Resultados!G37))*((F37<G37)=(Resultados!F37<Resultados!G37)),1,0))) -> 0
B38: 46193 | C38: 0.91666667 | D38: J2 | E38: Alemania | F38: 4 | G38: 1 | H38: Costa de Marfil | J38: =IF(OR(Resultados!F38="",Resultados!G38=""),"",IF(AND(F38=Resultados!F38,G38=Resultados!G38),2,IF(((F38>G38)=(Resultados!F38>Resultados!G38))*((F38<G38)=(Resultados!F38<Resultados!G38)),1,0)))
B39: 46194 | C39: 0.083333333 | D39: J2 | E39: Ecuador | F39: 3 | G39: 1 | H39: Curazao | J39: =IF(OR(Resultados!F39="",Resultados!G39=""),"",IF(AND(F39=Resultados!F39,G39=Resultados!G39),2,IF(((F39>G39)=(Resultados!F39>Resultados!G39))*((F39<G39)=(Resultados!F39<Resultados!G39)),1,0)))
B40: 46198 | C40: 0.91666667 | D40: J3 | E40: Curazao | F40: 1 | G40: 1 | H40: Costa de Marfil | J40: =IF(OR(Resultados!F40="",Resultados!G40=""),"",IF(AND(F40=Resultados!F40,G40=Resultados!G40),2,IF(((F40>G40)=(Resultados!F40>Resultados!G40))*((F40<G40)=(Resultados!F40<Resultados!G40)),1,0)))
B41: 46198 | C41: 0.91666667 | D41: J3 | E41: Ecuador | F41: 1 | G41: 3 | H41: Alemania | J41: =IF(OR(Resultados!F41="",Resultados!G41=""),"",IF(AND(F41=Resultados!F41,G41=Resultados!G41),2,IF(((F41>G41)=(Resultados!F41>Resultados!G41))*((F41<G41)=(Resultados!F41<Resultados!G41)),1,0)))
B43: Fecha | C43: Hora | D43: Jor. | E43: Casa | F43: Gol | G43: Gol | H43: Fuera
A44: F | B44: 46187 | C44: 0.91666667 | D44: J1 | E44: Países Bajos | F44: 1 | G44: 2 | H44: Japón | J44: =IF(OR(Resultados!F44="",Resultados!G44=""),"",IF(AND(F44=Resultados!F44,G44=Resultados!G44),2,IF(((F44>G44)=(Resultados!F44>Resultados!G44))*((F44<G44)=(Resultados!F44<Resultados!G44)),1,0))) -> 0
B45: 46188 | C45: 0.16666667 | D45: J1 | E45: Suecia | F45: 1 | G45: 0 | H45: Túnez | J45: =IF(OR(Resultados!F45="",Resultados!G45=""),"",IF(AND(F45=Resultados!F45,G45=Resultados!G45),2,IF(((F45>G45)=(Resultados!F45>Resultados!G45))*((F45<G45)=(Resultados!F45<Resultados!G45)),1,0))) -> 1
B46: 46193 | C46: 0.79166667 | D46: J2 | E46: Países Bajos | F46: 0 | G46: 1 | H46: Suecia | J46: =IF(OR(Resultados!F46="",Resultados!G46=""),"",IF(AND(F46=Resultados!F46,G46=Resultados!G46),2,IF(((F46>G46)=(Resultados!F46>Resultados!G46))*((F46<G46)=(Resultados!F46<Resultados!G46)),1,0)))
B47: 46194 | C47: 0.25 | D47: J2 | E47: Túnez | F47: 0 | G47: 1 | H47: Japón | J47: =IF(OR(Resultados!F47="",Resultados!G47=""),"",IF(AND(F47=Resultados!F47,G47=Resultados!G47),2,IF(((F47>G47)=(Resultados!F47>Resultados!G47))*((F47<G47)=(Resultados!F47<Resultados!G47)),1,0)))
B48: 46199 | C48: 0.041666667 | D48: J3 | E48: Japón | F48: 1 | G48: 1 | H48: Suecia | J48: =IF(OR(Resultados!F48="",Resultados!G48=""),"",IF(AND(F48=Resultados!F48,G48=Resultados!G48),2,IF(((F48>G48)=(Resultados!F48>Resultados!G48))*((F48<G48)=(Resultados!F48<Resultados!G48)),1,0)))
B49: 46199 | C49: 0.041666667 | D49: J3 | E49: Túnez | F49: 0 | G49: 1 | H49: Países Bajos | J49: =IF(OR(Resultados!F49="",Resultados!G49=""),"",IF(AND(F49=Resultados!F49,G49=Resultados!G49),2,IF(((F49>G49)=(Resultados!F49>Resultados!G49))*((F49<G49)=(Resultados!F49<Resultados!G49)),1,0)))
B51: Fecha | C51: Hora | D51: Jor. | E51: Casa | F51: Gol | G51: Gol | H51: Fuera
A52: G | B52: 46188 | C52: 0.875 | D52: J1 | E52: Bélgica | F52: 2 | G52: 1 | H52: Egipto | J52: =IF(OR(Resultados!F52="",Resultados!G52=""),"",IF(AND(F52=Resultados!F52,G52=Resultados!G52),2,IF(((F52>G52)=(Resultados!F52>Resultados!G52))*((F52<G52)=(Resultados!F52<Resultados!G52)),1,0)))
B53: 46189 | C53: 0.125 | D53: J1 | E53: Irán | F53: 1 | G53: 1 | H53: Nueva Zelanda | J53: =IF(OR(Resultados!F53="",Resultados!G53=""),"",IF(AND(F53=Resultados!F53,G53=Resultados!G53),2,IF(((F53>G53)=(Resultados!F53>Resultados!G53))*((F53<G53)=(Resultados!F53<Resultados!G53)),1,0)))
B54: 46194 | C54: 0.875 | D54: J2 | E54: Bélgica | F54: 1 | G54: 1 | H54: Irán | J54: =IF(OR(Resultados!F54="",Resultados!G54=""),"",IF(AND(F54=Resultados!F54,G54=Resultados!G54),2,IF(((F54>G54)=(Resultados!F54>Resultados!G54))*((F54<G54)=(Resultados!F54<Resultados!G54)),1,0)))
B55: 46195 | C55: 0.125 | D55: J2 | E55: Nueva Zelanda | F55: 1 | G55: 1 | H55: Egipto | J55: =IF(OR(Resultados!F55="",Resultados!G55=""),"",IF(AND(F55=Resultados!F55,G55=Resultados!G55),2,IF(((F55>G55)=(Resultados!F55>Resultados!G55))*((F55<G55)=(Resultados!F55<Resultados!G55)),1,0)))
B56: 46200 | C56: 0.20833333 | D56: J3 | E56: Egipto | F56: 0 | G56: 1 | H56: Irán | J56: =IF(OR(Resultados!F56="",Resultados!G56=""),"",IF(AND(F56=Resultados!F56,G56=Resultados!G56),2,IF(((F56>G56)=(Resultados!F56>Resultados!G56))*((F56<G56)=(Resultados!F56<Resultados!G56)),1,0)))
B57: 46200 | C57: 0.20833333 | D57: J3 | E57: Nueva Zelanda | F57: 0 | G57: 2 | H57: Bélgica | J57: =IF(OR(Resultados!F57="",Resultados!G57=""),"",IF(AND(F57=Resultados!F57,G57=Resultados!G57),2,IF(((F57>G57)=(Resultados!F57>Resultados!G57))*((F57<G57)=(Resultados!F57<Resultados!G57)),1,0)))
B59: Fecha | C59: Hora | D59: Jor. | E59: Casa | F59: Gol | G59: Gol | H59: Fuera
A60: H | B60: 46188 | C60: 0.75 | D60: J1 | E60: España | F60: 3 | G60: 0 | H60: Cabo Verde | J60: =IF(OR(Resultados!F60="",Resultados!G60=""),"",IF(AND(F60=Resultados!F60,G60=Resultados!G60),2,IF(((F60>G60)=(Resultados!F60>Resultados!G60))*((F60<G60)=(Resultados!F60<Resultados!G60)),1,0)))
B61: 46189 | C61: 0 | D61: J1 | E61: Arabia Saudita | F61: 1 | G61: 2 | H61: Uruguay | J61: =IF(OR(Resultados!F61="",Resultados!G61=""),"",IF(AND(F61=Resultados!F61,G61=Resultados!G61),2,IF(((F61>G61)=(Resultados!F61>Resultados!G61))*((F61<G61)=(Resultados!F61<Resultados!G61)),1,0)))
B62: 46194 | C62: 0.75 | D62: J2 | E62: España | F62: 2 | G62: 0 | H62: Arabia Saudita | J62: =IF(OR(Resultados!F62="",Resultados!G62=""),"",IF(AND(F62=Resultados!F62,G62=Resultados!G62),2,IF(((F62>G62)=(Resultados!F62>Resultados!G62))*((F62<G62)=(Resultados!F62<Resultados!G62)),1,0)))
B63: 46195 | C63: 0 | D63: J2 | E63: Uruguay | F63: 3 | G63: 0 | H63: Cabo Verde | J63: =IF(OR(Resultados!F63="",Resultados!G63=""),"",IF(AND(F63=Resultados!F63,G63=Resultados!G63),2,IF(((F63>G63)=(Resultados!F63>Resultados!G63))*((F63<G63)=(Resultados!F63<Resultados!G63)),1,0)))
B64: 46200 | C64: 0.083333333 | D64: J3 | E64: Cabo Verde | F64: 1 | G64: 1 | H64: Arabia Saudita | J64: =IF(OR(Resultados!F64="",Resultados!G64=""),"",IF(AND(F64=Resultados!F64,G64=Resultados!G64),2,IF(((F64>G64)=(Resultados!F64>Resultados!G64))*((F64<G64)=(Resultados!F64<Resultados!G64)),1,0)))
B65: 46200 | C65: 0.083333333 | D65: J3 | E65: Uruguay | F65: 2 | G65: 2 | H65: España | J65: =IF(OR(Resultados!F65="",Resultados!G65=""),"",IF(AND(F65=Resultados!F65,G65=Resultados!G65),2,IF(((F65>G65)=(Resultados!F65>Resultados!G65))*((F65<G65)=(Resultados!F65<Resultados!G65)),1,0)))
B67: Fecha | C67: Hora | D67: Jor. | E67: Casa | F67: Gol | G67: Gol | H67: Fuera
A68: I | B68: 46189 | C68: 0.875 | D68: J1 | E68: Francia | F68: 3 | G68: 1 | H68: Senegal | J68: =IF(OR(Resultados!F68="",Resultados!G68=""),"",IF(AND(F68=Resultados!F68,G68=Resultados!G68),2,IF(((F68>G68)=(Resultados!F68>Resultados!G68))*((F68<G68)=(Resultados!F68<Resultados!G68)),1,0)))
B69: 46190 | C69: 0 | D69: J1 | E69: Irak | F69: 1 | G69: 2 | H69: Noruega | J69: =IF(OR(Resultados!F69="",Resultados!G69=""),"",IF(AND(F69=Resultados!F69,G69=Resultados!G69),2,IF(((F69>G69)=(Resultados!F69>Resultados!G69))*((F69<G69)=(Resultados!F69<Resultados!G69)),1,0)))
B70: 46195 | C70: 0.95833333 | D70: J2 | E70: Francia | F70: 3 | G70: 0 | H70: Irak | J70: =IF(OR(Resultados!F70="",Resultados!G70=""),"",IF(AND(F70=Resultados!F70,G70=Resultados!G70),2,IF(((F70>G70)=(Resultados!F70>Resultados!G70))*((F70<G70)=(Resultados!F70<Resultados!G70)),1,0)))
B71: 46196 | C71: 0.083333333 | D71: J2 | E71: Noruega | F71: 2 | G71: 0 | H71: Senegal | J71: =IF(OR(Resultados!F71="",Resultados!G71=""),"",IF(AND(F71=Resultados!F71,G71=Resultados!G71),2,IF(((F71>G71)=(Resultados!F71>Resultados!G71))*((F71<G71)=(Resultados!F71<Resultados!G71)),1,0)))
B72: 46199 | C72: 0.875 | D72: J3 | E72: Noruega | F72: 1 | G72: 3 | H72: Francia | J72: =IF(OR(Resultados!F72="",Resultados!G72=""),"",IF(AND(F72=Resultados!F72,G72=Resultados!G72),2,IF(((F72>G72)=(Resultados!F72>Resultados!G72))*((F72<G72)=(Resultados!F72<Resultados!G72)),1,0)))
B73: 46199 | C73: 0.875 | D73: J3 | E73: Senegal | F73: 1 | G73: 1 | H73: Irak | J73: =IF(OR(Resultados!F73="",Resultados!G73=""),"",IF(AND(F73=Resultados!F73,G73=Resultados!G73),2,IF(((F73>G73)=(Resultados!F73>Resultados!G73))*((F73<G73)=(Resultados!F73<Resultados!G73)),1,0)))
B75: Fecha | C75: Hora | D75: Jor. | E75: Casa | F75: Gol | G75: Gol | H75: Fuera
A76: J | B76: 46190 | C76: 0.125 | D76: J1 | E76: Argentina | F76: 3 | G76: 0 | H76: Argelia | J76: =IF(OR(Resultados!F76="",Resultados!G76=""),"",IF(AND(F76=Resultados!F76,G76=Resultados!G76),2,IF(((F76>G76)=(Resultados!F76>Resultados!G76))*((F76<G76)=(Resultados!F76<Resultados!G76)),1,0)))
B77: 46190 | C77: 0.25 | D77: J1 | E77: Austria | F77: 1 | G77: 0 | H77: Jordania | J77: =IF(OR(Resultados!F77="",Resultados!G77=""),"",IF(AND(F77=Resultados!F77,G77=Resultados!G77),2,IF(((F77>G77)=(Resultados!F77>Resultados!G77))*((F77<G77)=(Resultados!F77<Resultados!G77)),1,0)))
B78: 46195 | C78: 0.79166667 | D78: J2 | E78: Argentina | F78: 3 | G78: 1 | H78: Austria | J78: =IF(OR(Resultados!F78="",Resultados!G78=""),"",IF(AND(F78=Resultados!F78,G78=Resultados!G78),2,IF(((F78>G78)=(Resultados!F78>Resultados!G78))*((F78<G78)=(Resultados!F78<Resultados!G78)),1,0)))
B79: 46196 | C79: 0.20833333 | D79: J2 | E79: Jordania | F79: 0 | G79: 0 | H79: Argelia | J79: =IF(OR(Resultados!F79="",Resultados!G79=""),"",IF(AND(F79=Resultados!F79,G79=Resultados!G79),2,IF(((F79>G79)=(Resultados!F79>Resultados!G79))*((F79<G79)=(Resultados!F79<Resultados!G79)),1,0)))
B80: 46201 | C80: 0.16666667 | D80: J3 | E80: Argelia | F80: 0 | G80: 1 | H80: Austria | J80: =IF(OR(Resultados!F80="",Resultados!G80=""),"",IF(AND(F80=Resultados!F80,G80=Resultados!G80),2,IF(((F80>G80)=(Resultados!F80>Resultados!G80))*((F80<G80)=(Resultados!F80<Resultados!G80)),1,0)))
B81: 46201 | C81: 0.16666667 | D81: J3 | E81: Jordania | F81: 0 | G81: 3 | H81: Argentina | J81: =IF(OR(Resultados!F81="",Resultados!G81=""),"",IF(AND(F81=Resultados!F81,G81=Resultados!G81),2,IF(((F81>G81)=(Resultados!F81>Resultados!G81))*((F81<G81)=(Resultados!F81<Resultados!G81)),1,0)))
B83: Fecha | C83: Hora | D83: Jor. | E83: Casa | F83: Gol | G83: Gol | H83: Fuera
A84: K | B84: 46190 | C84: 0.79166667 | D84: J1 | E84: Portugal | F84: 3 | G84: 0 | H84: RD Congo | J84: =IF(OR(Resultados!F84="",Resultados!G84=""),"",IF(AND(F84=Resultados!F84,G84=Resultados!G84),2,IF(((F84>G84)=(Resultados!F84>Resultados!G84))*((F84<G84)=(Resultados!F84<Resultados!G84)),1,0)))
B85: 46191 | C85: 0.16666667 | D85: J1 | E85: Uzbekistán | F85: 0 | G85: 2 | H85: Colombia | J85: =IF(OR(Resultados!F85="",Resultados!G85=""),"",IF(AND(F85=Resultados!F85,G85=Resultados!G85),2,IF(((F85>G85)=(Resultados!F85>Resultados!G85))*((F85<G85)=(Resultados!F85<Resultados!G85)),1,0)))
B86: 46196 | C86: 0.79166667 | D86: J2 | E86: Portugal | F86: 4 | G86: 1 | H86: Uzbekistán | J86: =IF(OR(Resultados!F86="",Resultados!G86=""),"",IF(AND(F86=Resultados!F86,G86=Resultados!G86),2,IF(((F86>G86)=(Resultados!F86>Resultados!G86))*((F86<G86)=(Resultados!F86<Resultados!G86)),1,0)))
B87: 46197 | C87: 0.16666667 | D87: J2 | E87: Colombia | F87: 3 | G87: 1 | H87: RD Congo | J87: =IF(OR(Resultados!F87="",Resultados!G87=""),"",IF(AND(F87=Resultados!F87,G87=Resultados!G87),2,IF(((F87>G87)=(Resultados!F87>Resultados!G87))*((F87<G87)=(Resultados!F87<Resultados!G87)),1,0)))
B88: 46201 | C88: 0.0625 | D88: J3 | E88: Colombia | F88: 1 | G88: 2 | H88: Portugal | J88: =IF(OR(Resultados!F88="",Resultados!G88=""),"",IF(AND(F88=Resultados!F88,G88=Resultados!G88),2,IF(((F88>G88)=(Resultados!F88>Resultados!G88))*((F88<G88)=(Resultados!F88<Resultados!G88)),1,0)))
B89: 46201 | C89: 0.0625 | D89: J3 | E89: RD Congo | F89: 0 | G89: 0 | H89: Uzbekistán | J89: =IF(OR(Resultados!F89="",Resultados!G89=""),"",IF(AND(F89=Resultados!F89,G89=Resultados!G89),2,IF(((F89>G89)=(Resultados!F89>Resultados!G89))*((F89<G89)=(Resultados!F89<Resultados!G89)),1,0)))
B91: Fecha | C91: Hora | D91: Jor. | E91: Casa | F91: Gol | G91: Gol | H91: Fuera
A92: L | B92: 46190 | C92: 0.91666667 | D92: J1 | E92: Inglaterra | F92: 2 | G92: 2 | H92: Croacia | J92: =IF(OR(Resultados!F92="",Resultados!G92=""),"",IF(AND(F92=Resultados!F92,G92=Resultados!G92),2,IF(((F92>G92)=(Resultados!F92>Resultados!G92))*((F92<G92)=(Resultados!F92<Resultados!G92)),1,0)))
B93: 46191 | C93: 0.041666667 | D93: J1 | E93: Ghana | F93: 1 | G93: 2 | H93: Panamá | J93: =IF(OR(Resultados!F93="",Resultados!G93=""),"",IF(AND(F93=Resultados!F93,G93=Resultados!G93),2,IF(((F93>G93)=(Resultados!F93>Resultados!G93))*((F93<G93)=(Resultados!F93<Resultados!G93)),1,0)))
B94: 46196 | C94: 0.91666667 | D94: J2 | E94: Inglaterra | F94: 2 | G94: 0 | H94: Ghana | J94: =IF(OR(Resultados!F94="",Resultados!G94=""),"",IF(AND(F94=Resultados!F94,G94=Resultados!G94),2,IF(((F94>G94)=(Resultados!F94>Resultados!G94))*((F94<G94)=(Resultados!F94<Resultados!G94)),1,0)))
B95: 46197 | C95: 0.041666667 | D95: J2 | E95: Panamá | F95: 1 | G95: 1 | H95: Croacia | J95: =IF(OR(Resultados!F95="",Resultados!G95=""),"",IF(AND(F95=Resultados!F95,G95=Resultados!G95),2,IF(((F95>G95)=(Resultados!F95>Resultados!G95))*((F95<G95)=(Resultados!F95<Resultados!G95)),1,0)))
B96: 46200 | C96: 0.95833333 | D96: J3 | E96: Panamá | F96: 1 | G96: 2 | H96: Inglaterra | J96: =IF(OR(Resultados!F96="",Resultados!G96=""),"",IF(AND(F96=Resultados!F96,G96=Resultados!G96),2,IF(((F96>G96)=(Resultados!F96>Resultados!G96))*((F96<G96)=(Resultados!F96<Resultados!G96)),1,0)))
B97: 46200 | C97: 0.95833333 | D97: J3 | E97: Croacia | F97: 2 | G97: 0 | H97: Ghana | J97: =IF(OR(Resultados!F97="",Resultados!G97=""),"",IF(AND(F97=Resultados!F97,G97=Resultados!G97),2,IF(((F97>G97)=(Resultados!F97>Resultados!G97))*((F97<G97)=(Resultados!F97<Resultados!G97)),1,0)))

Sheet Packy
A1: XXIII Mundial USA/MEX/CAN 2026
B3: Fecha | C3: Hora | D3: Jor. | E3: Casa | F3: Gol | G3: Gol | H3: Fuera | J3: Puntos | L3: Total
A4: A | B4: 46184 | C4: 0.875 | D4: J1 | E4: México | F4: 2 | G4: 0 | H4: Sudáfrica | L4: =SUM(J:J) -> 3
B5: 46185 | C5: 0.16666667 | D5: J1 | E5: Corea del Sur | F5: 2 | G5: 1 | H5: República Checa
B6: 46191 | C6: 0.75 | D6: J2 | E6: República Checa | F6: 2 | G6: 0 | H6: Sudáfrica | J6: =IF(OR(Resultados!F6="",Resultados!G6=""),"",IF(AND(F6=Resultados!F6,G6=Resultados!G6),2,IF(((F6>G6)=(Resultados!F6>Resultados!G6))*((F6<G6)=(Resultados!F6<Resultados!G6)),1,0)))
B7: 46192 | C7: 0.125 | D7: J2 | E7: México | F7: 1 | G7: 1 | H7: Corea del Sur | J7: =IF(OR(Resultados!F7="",Resultados!G7=""),"",IF(AND(F7=Resultados!F7,G7=Resultados!G7),2,IF(((F7>G7)=(Resultados!F7>Resultados!G7))*((F7<G7)=(Resultados!F7<Resultados!G7)),1,0)))
B8: 46198 | C8: 0.125 | D8: J3 | E8: República Checa | F8: 0 | G8: 1 | H8: México | J8: =IF(OR(Resultados!F8="",Resultados!G8=""),"",IF(AND(F8=Resultados!F8,G8=Resultados!G8),2,IF(((F8>G8)=(Resultados!F8>Resultados!G8))*((F8<G8)=(Resultados!F8<Resultados!G8)),1,0)))
B9: 46198 | C9: 0.125 | D9: J3 | E9: Sudáfrica | F9: 0 | G9: 3 | H9: Corea del Sur | J9: =IF(OR(Resultados!F9="",Resultados!G9=""),"",IF(AND(F9=Resultados!F9,G9=Resultados!G9),2,IF(((F9>G9)=(Resultados!F9>Resultados!G9))*((F9<G9)=(Resultados!F9<Resultados!G9)),1,0)))
B11: Fecha | C11: Hora | D11: Jor. | E11: Casa | F11: Gol | G11: Gol | H11: Fuera
A12: B | B12: 46185 | C12: 0.875 | D12: J1 | E12: Canadá | F12: 1 | G12: 1 | H12: Bosnia y Herzegovina
B13: 46186 | C13: 0.875 | D13: J1 | E13: Catar | F13: 1 | G13: 1 | H13: Suiza
B14: 46191 | C14: 0.875 | D14: J2 | E14: Suiza | F14: 2 | G14: 1 | H14: Bosnia y Herzegovina | J14: =IF(OR(Resultados!F14="",Resultados!G14=""),"",IF(AND(F14=Resultados!F14,G14=Resultados!G14),2,IF(((F14>G14)=(Resultados!F14>Resultados!G14))*((F14<G14)=(Resultados!F14<Resultados!G14)),1,0)))
B15: 46192 | C15: 0 | D15: J2 | E15: Canadá | F15: 1 | G15: 0 | H15: Catar | J15: =IF(OR(Resultados!F15="",Resultados!G15=""),"",IF(AND(F15=Resultados!F15,G15=Resultados!G15),2,IF(((F15>G15)=(Resultados!F15>Resultados!G15))*((F15<G15)=(Resultados!F15<Resultados!G15)),1,0)))
B16: 46197 | C16: 0.875 | D16: J3 | E16: Suiza | F16: 0 | G16: 1 | H16: Canadá | J16: =IF(OR(Resultados!F16="",Resultados!G16=""),"",IF(AND(F16=Resultados!F16,G16=Resultados!G16),2,IF(((F16>G16)=(Resultados!F16>Resultados!G16))*((F16<G16)=(Resultados!F16<Resultados!G16)),1,0)))
B17: 46197 | C17: 0.875 | D17: J3 | E17: Bosnia y Herzegovina | F17: 1 | G17: 1 | H17: Catar | J17: =IF(OR(Resultados!F17="",Resultados!G17=""),"",IF(AND(F17=Resultados!F17,G17=Resultados!G17),2,IF(((F17>G17)=(Resultados!F17>Resultados!G17))*((F17<G17)=(Resultados!F17<Resultados!G17)),1,0)))
B19: Fecha | C19: Hora | D19: Jor. | E19: Casa | F19: Gol | G19: Gol | H19: Fuera
A20: C | B20: 46187 | C20: 0 | D20: J1 | E20: Brasil | F20: 1 | G20: 1 | H20: Marruecos
B21: 46187 | C21: 0.125 | D21: J1 | E21: Haití | F21: 0 | G21: 2 | H21: Escocia | J21: =IF(OR(Resultados!F21="",Resultados!G21=""),"",IF(AND(F21=Resultados!F21,G21=Resultados!G21),2,IF(((F21>G21)=(Resultados!F21>Resultados!G21))*((F21<G21)=(Resultados!F21<Resultados!G21)),1,0))) -> 1
B22: 46193 | C22: 0 | D22: J2 | E22: Escocia | F22: 0 | G22: 2 | H22: Marruecos | J22: =IF(OR(Resultados!F22="",Resultados!G22=""),"",IF(AND(F22=Resultados!F22,G22=Resultados!G22),2,IF(((F22>G22)=(Resultados!F22>Resultados!G22))*((F22<G22)=(Resultados!F22<Resultados!G22)),1,0)))
B23: 46193 | C23: 0.10416667 | D23: J2 | E23: Brasil | F23: 4 | G23: 0 | H23: Haití | J23: =IF(OR(Resultados!F23="",Resultados!G23=""),"",IF(AND(F23=Resultados!F23,G23=Resultados!G23),2,IF(((F23>G23)=(Resultados!F23>Resultados!G23))*((F23<G23)=(Resultados!F23<Resultados!G23)),1,0)))
B24: 46198 | C24: 0 | D24: J3 | E24: Escocia | F24: 0 | G24: 2 | H24: Brasil | J24: =IF(OR(Resultados!F24="",Resultados!G24=""),"",IF(AND(F24=Resultados!F24,G24=Resultados!G24),2,IF(((F24>G24)=(Resultados!F24>Resultados!G24))*((F24<G24)=(Resultados!F24<Resultados!G24)),1,0)))
B25: 46198 | C25: 0 | D25: J3 | E25: Marruecos | F25: 4 | G25: 0 | H25: Haití | J25: =IF(OR(Resultados!F25="",Resultados!G25=""),"",IF(AND(F25=Resultados!F25,G25=Resultados!G25),2,IF(((F25>G25)=(Resultados!F25>Resultados!G25))*((F25<G25)=(Resultados!F25<Resultados!G25)),1,0)))
B27: Fecha | C27: Hora | D27: Jor. | E27: Casa | F27: Gol | G27: Gol | H27: Fuera
A28: D | B28: 46186 | C28: 0.125 | D28: J1 | E28: Estados Unidos | F28: 4 | G28: 1 | H28: Paraguay
B29: 46187 | C29: 0.25 | D29: J1 | E29: Australia | F29: 0 | G29: 2 | H29: Turquía | J29: =IF(OR(Resultados!F29="",Resultados!G29=""),"",IF(AND(F29=Resultados!F29,G29=Resultados!G29),2,IF(((F29>G29)=(Resultados!F29>Resultados!G29))*((F29<G29)=(Resultados!F29<Resultados!G29)),1,0))) -> 0
B30: 46192 | C30: 0.875 | D30: J2 | E30: Estados Unidos | F30: 2 | G30: 0 | H30: Australia | J30: =IF(OR(Resultados!F30="",Resultados!G30=""),"",IF(AND(F30=Resultados!F30,G30=Resultados!G30),2,IF(((F30>G30)=(Resultados!F30>Resultados!G30))*((F30<G30)=(Resultados!F30<Resultados!G30)),1,0)))
B31: 46193 | C31: 0.20833333 | D31: J2 | E31: Turquía | F31: 2 | G31: 0 | H31: Paraguay | J31: =IF(OR(Resultados!F31="",Resultados!G31=""),"",IF(AND(F31=Resultados!F31,G31=Resultados!G31),2,IF(((F31>G31)=(Resultados!F31>Resultados!G31))*((F31<G31)=(Resultados!F31<Resultados!G31)),1,0)))
B32: 46199 | C32: 0.16666667 | D32: J3 | E32: Turquía | F32: 1 | G32: 2 | H32: Estados Unidos | J32: =IF(OR(Resultados!F32="",Resultados!G32=""),"",IF(AND(F32=Resultados!F32,G32=Resultados!G32),2,IF(((F32>G32)=(Resultados!F32>Resultados!G32))*((F32<G32)=(Resultados!F32<Resultados!G32)),1,0)))
B33: 46199 | C33: 0.16666667 | D33: J3 | E33: Paraguay | F33: 1 | G33: 1 | H33: Australia | J33: =IF(OR(Resultados!F33="",Resultados!G33=""),"",IF(AND(F33=Resultados!F33,G33=Resultados!G33),2,IF(((F33>G33)=(Resultados!F33>Resultados!G33))*((F33<G33)=(Resultados!F33<Resultados!G33)),1,0)))
B35: Fecha | C35: Hora | D35: Jor. | E35: Casa | F35: Gol | G35: Gol | H35: Fuera
A36: E | B36: 46187 | C36: 0.79166667 | D36: J1 | E36: Alemania | F36: 4 | G36: 0 | H36: Curazao | J36: =IF(OR(Resultados!F36="",Resultados!G36=""),"",IF(AND(F36=Resultados!F36,G36=Resultados!G36),2,IF(((F36>G36)=(Resultados!F36>Resultados!G36))*((F36<G36)=(Resultados!F36<Resultados!G36)),1,0))) -> 1
B37: 46188 | C37: 0.041666667 | D37: J1 | E37: Costa de Marfil | F37: 0 | G37: 2 | H37: Ecuador | J37: =IF(OR(Resultados!F37="",Resultados!G37=""),"",IF(AND(F37=Resultados!F37,G37=Resultados!G37),2,IF(((F37>G37)=(Resultados!F37>Resultados!G37))*((F37<G37)=(Resultados!F37<Resultados!G37)),1,0))) -> 0
B38: 46193 | C38: 0.91666667 | D38: J2 | E38: Alemania | F38: 3 | G38: 1 | H38: Costa de Marfil | J38: =IF(OR(Resultados!F38="",Resultados!G38=""),"",IF(AND(F38=Resultados!F38,G38=Resultados!G38),2,IF(((F38>G38)=(Resultados!F38>Resultados!G38))*((F38<G38)=(Resultados!F38<Resultados!G38)),1,0)))
B39: 46194 | C39: 0.083333333 | D39: J2 | E39: Ecuador | F39: 2 | G39: 0 | H39: Curazao | J39: =IF(OR(Resultados!F39="",Resultados!G39=""),"",IF(AND(F39=Resultados!F39,G39=Resultados!G39),2,IF(((F39>G39)=(Resultados!F39>Resultados!G39))*((F39<G39)=(Resultados!F39<Resultados!G39)),1,0)))
B40: 46198 | C40: 0.91666667 | D40: J3 | E40: Curazao | F40: 0 | G40: 3 | H40: Costa de Marfil | J40: =IF(OR(Resultados!F40="",Resultados!G40=""),"",IF(AND(F40=Resultados!F40,G40=Resultados!G40),2,IF(((F40>G40)=(Resultados!F40>Resultados!G40))*((F40<G40)=(Resultados!F40<Resultados!G40)),1,0)))
B41: 46198 | C41: 0.91666667 | D41: J3 | E41: Ecuador | F41: 1 | G41: 1 | H41: Alemania | J41: =IF(OR(Resultados!F41="",Resultados!G41=""),"",IF(AND(F41=Resultados!F41,G41=Resultados!G41),2,IF(((F41>G41)=(Resultados!F41>Resultados!G41))*((F41<G41)=(Resultados!F41<Resultados!G41)),1,0)))
B43: Fecha | C43: Hora | D43: Jor. | E43: Casa | F43: Gol | G43: Gol | H43: Fuera
A44: F | B44: 46187 | C44: 0.91666667 | D44: J1 | E44: Países Bajos | F44: 0 | G44: 2 | H44: Japón | J44: =IF(OR(Resultados!F44="",Resultados!G44=""),"",IF(AND(F44=Resultados!F44,G44=Resultados!G44),2,IF(((F44>G44)=(Resultados!F44>Resultados!G44))*((F44<G44)=(Resultados!F44<Resultados!G44)),1,0))) -> 0
B45: 46188 | C45: 0.16666667 | D45: J1 | E45: Suecia | F45: 2 | G45: 0 | H45: Túnez | J45: =IF(OR(Resultados!F45="",Resultados!G45=""),"",IF(AND(F45=Resultados!F45,G45=Resultados!G45),2,IF(((F45>G45)=(Resultados!F45>Resultados!G45))*((F45<G45)=(Resultados!F45<Resultados!G45)),1,0))) -> 1
B46: 46193 | C46: 0.79166667 | D46: J2 | E46: Países Bajos | F46: 2 | G46: 2 | H46: Suecia | J46: =IF(OR(Resultados!F46="",Resultados!G46=""),"",IF(AND(F46=Resultados!F46,G46=Resultados!G46),2,IF(((F46>G46)=(Resultados!F46>Resultados!G46))*((F46<G46)=(Resultados!F46<Resultados!G46)),1,0)))
B47: 46194 | C47: 0.25 | D47: J2 | E47: Túnez | F47: 0 | G47: 2 | H47: Japón | J47: =IF(OR(Resultados!F47="",Resultados!G47=""),"",IF(AND(F47=Resultados!F47,G47=Resultados!G47),2,IF(((F47>G47)=(Resultados!F47>Resultados!G47))*((F47<G47)=(Resultados!F47<Resultados!G47)),1,0)))
B48: 46199 | C48: 0.041666667 | D48: J3 | E48: Japón | F48: 2 | G48: 0 | H48: Suecia | J48: =IF(OR(Resultados!F48="",Resultados!G48=""),"",IF(AND(F48=Resultados!F48,G48=Resultados!G48),2,IF(((F48>G48)=(Resultados!F48>Resultados!G48))*((F48<G48)=(Resultados!F48<Resultados!G48)),1,0)))
B49: 46199 | C49: 0.041666667 | D49: J3 | E49: Túnez | F49: 2 | G49: 2 | H49: Países Bajos | J49: =IF(OR(Resultados!F49="",Resultados!G49=""),"",IF(AND(F49=Resultados!F49,G49=Resultados!G49),2,IF(((F49>G49)=(Resultados!F49>Resultados!G49))*((F49<G49)=(Resultados!F49<Resultados!G49)),1,0)))
B51: Fecha | C51: Hora | D51: Jor. | E51: Casa | F51: Gol | G51: Gol | H51: Fuera
A52: G | B52: 46188 | C52: 0.875 | D52: J1 | E52: Bélgica | F52: 3 | G52: 0 | H52: Egipto | J52: =IF(OR(Resultados!F52="",Resultados!G52=""),"",IF(AND(F52=Resultados!F52,G52=Resultados!G52),2,IF(((F52>G52)=(Resultados!F52>Resultados!G52))*((F52<G52)=(Resultados!F52<Resultados!G52)),1,0)))
B53: 46189 | C53: 0.125 | D53: J1 | E53: Irán | F53: 2 | G53: 2 | H53: Nueva Zelanda | J53: =IF(OR(Resultados!F53="",Resultados!G53=""),"",IF(AND(F53=Resultados!F53,G53=Resultados!G53),2,IF(((F53>G53)=(Resultados!F53>Resultados!G53))*((F53<G53)=(Resultados!F53<Resultados!G53)),1,0)))
B54: 46194 | C54: 0.875 | D54: J2 | E54: Bélgica | F54: 3 | G54: 0 | H54: Irán | J54: =IF(OR(Resultados!F54="",Resultados!G54=""),"",IF(AND(F54=Resultados!F54,G54=Resultados!G54),2,IF(((F54>G54)=(Resultados!F54>Resultados!G54))*((F54<G54)=(Resultados!F54<Resultados!G54)),1,0)))
B55: 46195 | C55: 0.125 | D55: J2 | E55: Nueva Zelanda | F55: 0 | G55: 2 | H55: Egipto | J55: =IF(OR(Resultados!F55="",Resultados!G55=""),"",IF(AND(F55=Resultados!F55,G55=Resultados!G55),2,IF(((F55>G55)=(Resultados!F55>Resultados!G55))*((F55<G55)=(Resultados!F55<Resultados!G55)),1,0)))
B56: 46200 | C56: 0.20833333 | D56: J3 | E56: Egipto | F56: 2 | G56: 2 | H56: Irán | J56: =IF(OR(Resultados!F56="",Resultados!G56=""),"",IF(AND(F56=Resultados!F56,G56=Resultados!G56),2,IF(((F56>G56)=(Resultados!F56>Resultados!G56))*((F56<G56)=(Resultados!F56<Resultados!G56)),1,0)))
B57: 46200 | C57: 0.20833333 | D57: J3 | E57: Nueva Zelanda | F57: 0 | G57: 3 | H57: Bélgica | J57: =IF(OR(Resultados!F57="",Resultados!G57=""),"",IF(AND(F57=Resultados!F57,G57=Resultados!G57),2,IF(((F57>G57)=(Resultados!F57>Resultados!G57))*((F57<G57)=(Resultados!F57<Resultados!G57)),1,0)))
B59: Fecha | C59: Hora | D59: Jor. | E59: Casa | F59: Gol | G59: Gol | H59: Fuera
A60: H | B60: 46188 | C60: 0.75 | D60: J1 | E60: España | F60: 4 | G60: 0 | H60: Cabo Verde | J60: =IF(OR(Resultados!F60="",Resultados!G60=""),"",IF(AND(F60=Resultados!F60,G60=Resultados!G60),2,IF(((F60>G60)=(Resultados!F60>Resultados!G60))*((F60<G60)=(Resultados!F60<Resultados!G60)),1,0)))
B61: 46189 | C61: 0 | D61: J1 | E61: Arabia Saudita | F61: 0 | G61: 2 | H61: Uruguay | J61: =IF(OR(Resultados!F61="",Resultados!G61=""),"",IF(AND(F61=Resultados!F61,G61=Resultados!G61),2,IF(((F61>G61)=(Resultados!F61>Resultados!G61))*((F61<G61)=(Resultados!F61<Resultados!G61)),1,0)))
B62: 46194 | C62: 0.75 | D62: J2 | E62: España | F62: 3 | G62: 0 | H62: Arabia Saudita | J62: =IF(OR(Resultados!F62="",Resultados!G62=""),"",IF(AND(F62=Resultados!F62,G62=Resultados!G62),2,IF(((F62>G62)=(Resultados!F62>Resultados!G62))*((F62<G62)=(Resultados!F62<Resultados!G62)),1,0)))
B63: 46195 | C63: 0 | D63: J2 | E63: Uruguay | F63: 2 | G63: 0 | H63: Cabo Verde | J63: =IF(OR(Resultados!F63="",Resultados!G63=""),"",IF(AND(F63=Resultados!F63,G63=Resultados!G63),2,IF(((F63>G63)=(Resultados!F63>Resultados!G63))*((F63<G63)=(Resultados!F63<Resultados!G63)),1,0)))
B64: 46200 | C64: 0.083333333 | D64: J3 | E64: Cabo Verde | F64: 2 | G64: 2 | H64: Arabia Saudita | J64: =IF(OR(Resultados!F64="",Resultados!G64=""),"",IF(AND(F64=Resultados!F64,G64=Resultados!G64),2,IF(((F64>G64)=(Resultados!F64>Resultados!G64))*((F64<G64)=(Resultados!F64<Resultados!G64)),1,0)))
B65: 46200 | C65: 0.083333333 | D65: J3 | E65: Uruguay | F65: 1 | G65: 2 | H65: España | J65: =IF(OR(Resultados!F65="",Resultados!G65=""),"",IF(AND(F65=Resultados!F65,G65=Resultados!G65),2,IF(((F65>G65)=(Resultados!F65>Resultados!G65))*((F65<G65)=(Resultados!F65<Resultados!G65)),1,0)))
B67: Fecha | C67: Hora | D67: Jor. | E67: Casa | F67: Gol | G67: Gol | H67: Fuera
A68: I | B68: 46189 | C68: 0.875 | D68: J1 | E68: Francia | F68: 2 | G68: 1 | H68: Senegal | J68: =IF(OR(Resultados!F68="",Resultados!G68=""),"",IF(AND(F68=Resultados!F68,G68=Resultados!G68),2,IF(((F68>G68)=(Resultados!F68>Resultados!G68))*((F68<G68)=(Resultados!F68<Resultados!G68)),1,0)))
B69: 46190 | C69: 0 | D69: J1 | E69: Irak | F69: 0 | G69: 2 | H69: Noruega | J69: =IF(OR(Resultados!F69="",Resultados!G69=""),"",IF(AND(F69=Resultados!F69,G69=Resultados!G69),2,IF(((F69>G69)=(Resultados!F69>Resultados!G69))*((F69<G69)=(Resultados!F69<Resultados!G69)),1,0)))
B70: 46195 | C70: 0.95833333 | D70: J2 | E70: Francia | F70: 3 | G70: 0 | H70: Irak | J70: =IF(OR(Resultados!F70="",Resultados!G70=""),"",IF(AND(F70=Resultados!F70,G70=Resultados!G70),2,IF(((F70>G70)=(Resultados!F70>Resultados!G70))*((F70<G70)=(Resultados!F70<Resultados!G70)),1,0)))
B71: 46196 | C71: 0.083333333 | D71: J2 | E71: Noruega | F71: 2 | G71: 0 | H71: Senegal | J71: =IF(OR(Resultados!F71="",Resultados!G71=""),"",IF(AND(F71=Resultados!F71,G71=Resultados!G71),2,IF(((F71>G71)=(Resultados!F71>Resultados!G71))*((F71<G71)=(Resultados!F71<Resultados!G71)),1,0)))
B72: 46199 | C72: 0.875 | D72: J3 | E72: Noruega | F72: 0 | G72: 3 | H72: Francia | J72: =IF(OR(Resultados!F72="",Resultados!G72=""),"",IF(AND(F72=Resultados!F72,G72=Resultados!G72),2,IF(((F72>G72)=(Resultados!F72>Resultados!G72))*((F72<G72)=(Resultados!F72<Resultados!G72)),1,0)))
B73: 46199 | C73: 0.875 | D73: J3 | E73: Senegal | F73: 2 | G73: 0 | H73: Irak | J73: =IF(OR(Resultados!F73="",Resultados!G73=""),"",IF(AND(F73=Resultados!F73,G73=Resultados!G73),2,IF(((F73>G73)=(Resultados!F73>Resultados!G73))*((F73<G73)=(Resultados!F73<Resultados!G73)),1,0)))
B75: Fecha | C75: Hora | D75: Jor. | E75: Casa | F75: Gol | G75: Gol | H75: Fuera
A76: J | B76: 46190 | C76: 0.125 | D76: J1 | E76: Argentina | F76: 3 | G76: 0 | H76: Argelia | J76: =IF(OR(Resultados!F76="",Resultados!G76=""),"",IF(AND(F76=Resultados!F76,G76=Resultados!G76),2,IF(((F76>G76)=(Resultados!F76>Resultados!G76))*((F76<G76)=(Resultados!F76<Resultados!G76)),1,0)))
B77: 46190 | C77: 0.25 | D77: J1 | E77: Austria | F77: 1 | G77: 0 | H77: Jordania | J77: =IF(OR(Resultados!F77="",Resultados!G77=""),"",IF(AND(F77=Resultados!F77,G77=Resultados!G77),2,IF(((F77>G77)=(Resultados!F77>Resultados!G77))*((F77<G77)=(Resultados!F77<Resultados!G77)),1,0)))
B78: 46195 | C78: 0.79166667 | D78: J2 | E78: Argentina | F78: 2 | G78: 0 | H78: Austria | J78: =IF(OR(Resultados!F78="",Resultados!G78=""),"",IF(AND(F78=Resultados!F78,G78=Resultados!G78),2,IF(((F78>G78)=(Resultados!F78>Resultados!G78))*((F78<G78)=(Resultados!F78<Resultados!G78)),1,0)))
B79: 46196 | C79: 0.20833333 | D79: J2 | E79: Jordania | F79: 2 | G79: 2 | H79: Argelia | J79: =IF(OR(Resultados!F79="",Resultados!G79=""),"",IF(AND(F79=Resultados!F79,G79=Resultados!G79),2,IF(((F79>G79)=(Resultados!F79>Resultados!G79))*((F79<G79)=(Resultados!F79<Resultados!G79)),1,0)))
B80: 46201 | C80: 0.16666667 | D80: J3 | E80: Argelia | F80: 0 | G80: 2 | H80: Austria | J80: =IF(OR(Resultados!F80="",Resultados!G80=""),"",IF(AND(F80=Resultados!F80,G80=Resultados!G80),2,IF(((F80>G80)=(Resultados!F80>Resultados!G80))*((F80<G80)=(Resultados!F80<Resultados!G80)),1,0)))
B81: 46201 | C81: 0.16666667 | D81: J3 | E81: Jordania | F81: 0 | G81: 3 | H81: Argentina | J81: =IF(OR(Resultados!F81="",Resultados!G81=""),"",IF(AND(F81=Resultados!F81,G81=Resultados!G81),2,IF(((F81>G81)=(Resultados!F81>Resultados!G81))*((F81<G81)=(Resultados!F81<Resultados!G81)),1,0)))
B83: Fecha | C83: Hora | D83: Jor. | E83: Casa | F83: Gol | G83: Gol | H83: Fuera
A84: K | B84: 46190 | C84: 0.79166667 | D84: J1 | E84: Portugal | F84: 3 | G84: 0 | H84: RD Congo | J84: =IF(OR(Resultados!F84="",Resultados!G84=""),"",IF(AND(F84=Resultados!F84,G84=Resultados!G84),2,IF(((F84>G84)=(Resultados!F84>Resultados!G84))*((F84<G84)=(Resultados!F84<Resultados!G84)),1,0)))
B85: 46191 | C85: 0.16666667 | D85: J1 | E85: Uzbekistán | F85: 1 | G85: 2 | H85: Colombia | J85: =IF(OR(Resultados!F85="",Resultados!G85=""),"",IF(AND(F85=Resultados!F85,G85=Resultados!G85),2,IF(((F85>G85)=(Resultados!F85>Resultados!G85))*((F85<G85)=(Resultados!F85<Resultados!G85)),1,0)))
B86: 46196 | C86: 0.79166667 | D86: J2 | E86: Portugal | F86: 2 | G86: 0 | H86: Uzbekistán | J86: =IF(OR(Resultados!F86="",Resultados!G86=""),"",IF(AND(F86=Resultados!F86,G86=Resultados!G86),2,IF(((F86>G86)=(Resultados!F86>Resultados!G86))*((F86<G86)=(Resultados!F86<Resultados!G86)),1,0)))
B87: 46197 | C87: 0.16666667 | D87: J2 | E87: Colombia | F87: 2 | G87: 0 | H87: RD Congo | J87: =IF(OR(Resultados!F87="",Resultados!G87=""),"",IF(AND(F87=Resultados!F87,G87=Resultados!G87),2,IF(((F87>G87)=(Resultados!F87>Resultados!G87))*((F87<G87)=(Resultados!F87<Resultados!G87)),1,0)))
B88: 46201 | C88: 0.0625 | D88: J3 | E88: Colombia | F88: 0 | G88: 2 | H88: Portugal | J88: =IF(OR(Resultados!F88="",Resultados!G88=""),"",IF(AND(F88=Resultados!F88,G88=Resultados!G88),2,IF(((F88>G88)=(Resultados!F88>Resultados!G88))*((F88<G88)=(Resultados!F88<Resultados!G88)),1,0)))
B89: 46201 | C89: 0.0625 | D89: J3 | E89: RD Congo | F89: 1 | G89: 0 | H89: Uzbekistán | J89: =IF(OR(Resultados!F89="",Resultados!G89=""),"",IF(AND(F89=Resultados!F89,G89=Resultados!G89),2,IF(((F89>G89)=(Resultados!F89>Resultados!G89))*((F89<G89)=(Resultados!F89<Resultados!G89)),1,0)))
B91: Fecha | C91: Hora | D91: Jor. | E91: Casa | F91: Gol | G91: Gol | H91: Fuera
A92: L | B92: 46190 | C92: 0.91666667 | D92: J1 | E92: Inglaterra | F92: 2 | G92: 0 | H92: Croacia | J92: =IF(OR(Resultados!F92="",Resultados!G92=""),"",IF(AND(F92=Resultados!F92,G92=Resultados!G92),2,IF(((F92>G92)=(Resultados!F92>Resultados!G92))*((F92<G92)=(Resultados!F92<Resultados!G92)),1,0)))
B93: 46191 | C93: 0.041666667 | D93: J1 | E93: Ghana | F93: 1 | G93: 0 | H93: Panamá | J93: =IF(OR(Resultados!F93="",Resultados!G93=""),"",IF(AND(F93=Resultados!F93,G93=Resultados!G93),2,IF(((F93>G93)=(Resultados!F93>Resultados!G93))*((F93<G93)=(Resultados!F93<Resultados!G93)),1,0)))
B94: 46196 | C94: 0.91666667 | D94: J2 | E94: Inglaterra | F94: 1 | G94: 1 | H94: Ghana | J94: =IF(OR(Resultados!F94="",Resultados!G94=""),"",IF(AND(F94=Resultados!F94,G94=Resultados!G94),2,IF(((F94>G94)=(Resultados!F94>Resultados!G94))*((F94<G94)=(Resultados!F94<Resultados!G94)),1,0)))
B95: 46197 | C95: 0.041666667 | D95: J2 | E95: Panamá | F95: 0 | G95: 1 | H95: Croacia | J95: =IF(OR(Resultados!F95="",Resultados!G95=""),"",IF(AND(F95=Resultados!F95,G95=Resultados!G95),2,IF(((F95>G95)=(Resultados!F95>Resultados!G95))*((F95<G95)=(Resultados!F95<Resultados!G95)),1,0)))
B96: 46200 | C96: 0.95833333 | D96: J3 | E96: Panamá | F96: 0 | G96: 2 | H96: Inglaterra | J96: =IF(OR(Resultados!F96="",Resultados!G96=""),"",IF(AND(F96=Resultados!F96,G96=Resultados!G96),2,IF(((F96>G96)=(Resultados!F96>Resultados!G96))*((F96<G96)=(Resultados!F96<Resultados!G96)),1,0)))
B97: 46200 | C97: 0.95833333 | D97: J3 | E97: Croacia | F97: 0 | G97: 2 | H97: Ghana | J97: =IF(OR(Resultados!F97="",Resultados!G97=""),"",IF(AND(F97=Resultados!F97,G97=Resultados!G97),2,IF(((F97>G97)=(Resultados!F97>Resultados!G97))*((F97<G97)=(Resultados!F97<Resultados!G97)),1,0)))

Sheet Jimmy
A1: XXIII Mundial USA/MEX/CAN 2026
B3: Fecha | C3: Hora | D3: Jor. | E3: Casa | F3: Gol | G3: Gol | H3: Fuera | J3: Puntos | L3: Total
A4: A | B4: 46184 | C4: 0.875 | D4: J1 | E4: México | F4: 2 | G4: 0 | H4: Sudáfrica | L4: =SUM(J:J) -> 4
B5: 46185 | C5: 0.16666667 | D5: J1 | E5: Corea del Sur | F5: 2 | G5: 1 | H5: República Checa
B6: 46191 | C6: 0.75 | D6: J2 | E6: República Checa | F6: 3 | G6: 0 | H6: Sudáfrica | J6: =IF(OR(Resultados!F6="",Resultados!G6=""),"",IF(AND(F6=Resultados!F6,G6=Resultados!G6),2,IF(((F6>G6)=(Resultados!F6>Resultados!G6))*((F6<G6)=(Resultados!F6<Resultados!G6)),1,0)))
B7: 46192 | C7: 0.125 | D7: J2 | E7: México | F7: 1 | G7: 1 | H7: Corea del Sur | J7: =IF(OR(Resultados!F7="",Resultados!G7=""),"",IF(AND(F7=Resultados!F7,G7=Resultados!G7),2,IF(((F7>G7)=(Resultados!F7>Resultados!G7))*((F7<G7)=(Resultados!F7<Resultados!G7)),1,0)))
B8: 46198 | C8: 0.125 | D8: J3 | E8: República Checa | F8: 0 | G8: 1 | H8: México | J8: =IF(OR(Resultados!F8="",Resultados!G8=""),"",IF(AND(F8=Resultados!F8,G8=Resultados!G8),2,IF(((F8>G8)=(Resultados!F8>Resultados!G8))*((F8<G8)=(Resultados!F8<Resultados!G8)),1,0)))
B9: 46198 | C9: 0.125 | D9: J3 | E9: Sudáfrica | F9: 0 | G9: 3 | H9: Corea del Sur | J9: =IF(OR(Resultados!F9="",Resultados!G9=""),"",IF(AND(F9=Resultados!F9,G9=Resultados!G9),2,IF(((F9>G9)=(Resultados!F9>Resultados!G9))*((F9<G9)=(Resultados!F9<Resultados!G9)),1,0)))
B11: Fecha | C11: Hora | D11: Jor. | E11: Casa | F11: Gol | G11: Gol | H11: Fuera
A12: B | B12: 46185 | C12: 0.875 | D12: J1 | E12: Canadá | F12: 1 | G12: 1 | H12: Bosnia y Herzegovina
B13: 46186 | C13: 0.875 | D13: J1 | E13: Catar | F13: 1 | G13: 1 | H13: Suiza
B14: 46191 | C14: 0.875 | D14: J2 | E14: Suiza | F14: 1 | G14: 2 | H14: Bosnia y Herzegovina | J14: =IF(OR(Resultados!F14="",Resultados!G14=""),"",IF(AND(F14=Resultados!F14,G14=Resultados!G14),2,IF(((F14>G14)=(Resultados!F14>Resultados!G14))*((F14<G14)=(Resultados!F14<Resultados!G14)),1,0)))
B15: 46192 | C15: 0 | D15: J2 | E15: Canadá | F15: 2 | G15: 0 | H15: Catar | J15: =IF(OR(Resultados!F15="",Resultados!G15=""),"",IF(AND(F15=Resultados!F15,G15=Resultados!G15),2,IF(((F15>G15)=(Resultados!F15>Resultados!G15))*((F15<G15)=(Resultados!F15<Resultados!G15)),1,0)))
B16: 46197 | C16: 0.875 | D16: J3 | E16: Suiza | F16: 2 | G16: 1 | H16: Canadá | J16: =IF(OR(Resultados!F16="",Resultados!G16=""),"",IF(AND(F16=Resultados!F16,G16=Resultados!G16),2,IF(((F16>G16)=(Resultados!F16>Resultados!G16))*((F16<G16)=(Resultados!F16<Resultados!G16)),1,0)))
B17: 46197 | C17: 0.875 | D17: J3 | E17: Bosnia y Herzegovina | F17: 2 | G17: 0 | H17: Catar | J17: =IF(OR(Resultados!F17="",Resultados!G17=""),"",IF(AND(F17=Resultados!F17,G17=Resultados!G17),2,IF(((F17>G17)=(Resultados!F17>Resultados!G17))*((F17<G17)=(Resultados!F17<Resultados!G17)),1,0)))
B19: Fecha | C19: Hora | D19: Jor. | E19: Casa | F19: Gol | G19: Gol | H19: Fuera
A20: C | B20: 46187 | C20: 0 | D20: J1 | E20: Brasil | F20: 1 | G20: 1 | H20: Marruecos
B21: 46187 | C21: 0.125 | D21: J1 | E21: Haití | F21: 0 | G21: 1 | H21: Escocia | J21: =IF(OR(Resultados!F21="",Resultados!G21=""),"",IF(AND(F21=Resultados!F21,G21=Resultados!G21),2,IF(((F21>G21)=(Resultados!F21>Resultados!G21))*((F21<G21)=(Resultados!F21<Resultados!G21)),1,0))) -> 2
B22: 46193 | C22: 0 | D22: J2 | E22: Escocia | F22: 0 | G22: 1 | H22: Marruecos | J22: =IF(OR(Resultados!F22="",Resultados!G22=""),"",IF(AND(F22=Resultados!F22,G22=Resultados!G22),2,IF(((F22>G22)=(Resultados!F22>Resultados!G22))*((F22<G22)=(Resultados!F22<Resultados!G22)),1,0)))
B23: 46193 | C23: 0.10416667 | D23: J2 | E23: Brasil | F23: 5 | G23: 0 | H23: Haití | J23: =IF(OR(Resultados!F23="",Resultados!G23=""),"",IF(AND(F23=Resultados!F23,G23=Resultados!G23),2,IF(((F23>G23)=(Resultados!F23>Resultados!G23))*((F23<G23)=(Resultados!F23<Resultados!G23)),1,0)))
B24: 46198 | C24: 0 | D24: J3 | E24: Escocia | F24: 0 | G24: 3 | H24: Brasil | J24: =IF(OR(Resultados!F24="",Resultados!G24=""),"",IF(AND(F24=Resultados!F24,G24=Resultados!G24),2,IF(((F24>G24)=(Resultados!F24>Resultados!G24))*((F24<G24)=(Resultados!F24<Resultados!G24)),1,0)))
B25: 46198 | C25: 0 | D25: J3 | E25: Marruecos | F25: 2 | G25: 0 | H25: Haití | J25: =IF(OR(Resultados!F25="",Resultados!G25=""),"",IF(AND(F25=Resultados!F25,G25=Resultados!G25),2,IF(((F25>G25)=(Resultados!F25>Resultados!G25))*((F25<G25)=(Resultados!F25<Resultados!G25)),1,0)))
B27: Fecha | C27: Hora | D27: Jor. | E27: Casa | F27: Gol | G27: Gol | H27: Fuera
A28: D | B28: 46186 | C28: 0.125 | D28: J1 | E28: Estados Unidos | F28: 4 | G28: 1 | H28: Paraguay
B29: 46187 | C29: 0.25 | D29: J1 | E29: Australia | F29: 0 | G29: 2 | H29: Turquía | J29: =IF(OR(Resultados!F29="",Resultados!G29=""),"",IF(AND(F29=Resultados!F29,G29=Resultados!G29),2,IF(((F29>G29)=(Resultados!F29>Resultados!G29))*((F29<G29)=(Resultados!F29<Resultados!G29)),1,0))) -> 0
B30: 46192 | C30: 0.875 | D30: J2 | E30: Estados Unidos | F30: 3 | G30: 0 | H30: Australia | J30: =IF(OR(Resultados!F30="",Resultados!G30=""),"",IF(AND(F30=Resultados!F30,G30=Resultados!G30),2,IF(((F30>G30)=(Resultados!F30>Resultados!G30))*((F30<G30)=(Resultados!F30<Resultados!G30)),1,0)))
B31: 46193 | C31: 0.20833333 | D31: J2 | E31: Turquía | F31: 2 | G31: 0 | H31: Paraguay | J31: =IF(OR(Resultados!F31="",Resultados!G31=""),"",IF(AND(F31=Resultados!F31,G31=Resultados!G31),2,IF(((F31>G31)=(Resultados!F31>Resultados!G31))*((F31<G31)=(Resultados!F31<Resultados!G31)),1,0)))
B32: 46199 | C32: 0.16666667 | D32: J3 | E32: Turquía | F32: 1 | G32: 2 | H32: Estados Unidos | J32: =IF(OR(Resultados!F32="",Resultados!G32=""),"",IF(AND(F32=Resultados!F32,G32=Resultados!G32),2,IF(((F32>G32)=(Resultados!F32>Resultados!G32))*((F32<G32)=(Resultados!F32<Resultados!G32)),1,0)))
B33: 46199 | C33: 0.16666667 | D33: J3 | E33: Paraguay | F33: 2 | G33: 0 | H33: Australia | J33: =IF(OR(Resultados!F33="",Resultados!G33=""),"",IF(AND(F33=Resultados!F33,G33=Resultados!G33),2,IF(((F33>G33)=(Resultados!F33>Resultados!G33))*((F33<G33)=(Resultados!F33<Resultados!G33)),1,0)))
B35: Fecha | C35: Hora | D35: Jor. | E35: Casa | F35: Gol | G35: Gol | H35: Fuera
A36: E | B36: 46187 | C36: 0.79166667 | D36: J1 | E36: Alemania | F36: 4 | G36: 0 | H36: Curazao | J36: =IF(OR(Resultados!F36="",Resultados!G36=""),"",IF(AND(F36=Resultados!F36,G36=Resultados!G36),2,IF(((F36>G36)=(Resultados!F36>Resultados!G36))*((F36<G36)=(Resultados!F36<Resultados!G36)),1,0))) -> 1
B37: 46188 | C37: 0.041666667 | D37: J1 | E37: Costa de Marfil | F37: 1 | G37: 1 | H37: Ecuador | J37: =IF(OR(Resultados!F37="",Resultados!G37=""),"",IF(AND(F37=Resultados!F37,G37=Resultados!G37),2,IF(((F37>G37)=(Resultados!F37>Resultados!G37))*((F37<G37)=(Resultados!F37<Resultados!G37)),1,0))) -> 0
B38: 46193 | C38: 0.91666667 | D38: J2 | E38: Alemania | F38: 2 | G38: 1 | H38: Costa de Marfil | J38: =IF(OR(Resultados!F38="",Resultados!G38=""),"",IF(AND(F38=Resultados!F38,G38=Resultados!G38),2,IF(((F38>G38)=(Resultados!F38>Resultados!G38))*((F38<G38)=(Resultados!F38<Resultados!G38)),1,0)))
B39: 46194 | C39: 0.083333333 | D39: J2 | E39: Ecuador | F39: 3 | G39: 0 | H39: Curazao | J39: =IF(OR(Resultados!F39="",Resultados!G39=""),"",IF(AND(F39=Resultados!F39,G39=Resultados!G39),2,IF(((F39>G39)=(Resultados!F39>Resultados!G39))*((F39<G39)=(Resultados!F39<Resultados!G39)),1,0)))
B40: 46198 | C40: 0.91666667 | D40: J3 | E40: Curazao | F40: 0 | G40: 2 | H40: Costa de Marfil | J40: =IF(OR(Resultados!F40="",Resultados!G40=""),"",IF(AND(F40=Resultados!F40,G40=Resultados!G40),2,IF(((F40>G40)=(Resultados!F40>Resultados!G40))*((F40<G40)=(Resultados!F40<Resultados!G40)),1,0)))
B41: 46198 | C41: 0.91666667 | D41: J3 | E41: Ecuador | F41: 1 | G41: 2 | H41: Alemania | J41: =IF(OR(Resultados!F41="",Resultados!G41=""),"",IF(AND(F41=Resultados!F41,G41=Resultados!G41),2,IF(((F41>G41)=(Resultados!F41>Resultados!G41))*((F41<G41)=(Resultados!F41<Resultados!G41)),1,0)))
B43: Fecha | C43: Hora | D43: Jor. | E43: Casa | F43: Gol | G43: Gol | H43: Fuera
A44: F | B44: 46187 | C44: 0.91666667 | D44: J1 | E44: Países Bajos | F44: 1 | G44: 0 | H44: Japón | J44: =IF(OR(Resultados!F44="",Resultados!G44=""),"",IF(AND(F44=Resultados!F44,G44=Resultados!G44),2,IF(((F44>G44)=(Resultados!F44>Resultados!G44))*((F44<G44)=(Resultados!F44<Resultados!G44)),1,0))) -> 0
B45: 46188 | C45: 0.16666667 | D45: J1 | E45: Suecia | F45: 2 | G45: 0 | H45: Túnez | J45: =IF(OR(Resultados!F45="",Resultados!G45=""),"",IF(AND(F45=Resultados!F45,G45=Resultados!G45),2,IF(((F45>G45)=(Resultados!F45>Resultados!G45))*((F45<G45)=(Resultados!F45<Resultados!G45)),1,0))) -> 1
B46: 46193 | C46: 0.79166667 | D46: J2 | E46: Países Bajos | F46: 2 | G46: 1 | H46: Suecia | J46: =IF(OR(Resultados!F46="",Resultados!G46=""),"",IF(AND(F46=Resultados!F46,G46=Resultados!G46),2,IF(((F46>G46)=(Resultados!F46>Resultados!G46))*((F46<G46)=(Resultados!F46<Resultados!G46)),1,0)))
B47: 46194 | C47: 0.25 | D47: J2 | E47: Túnez | F47: 0 | G47: 2 | H47: Japón | J47: =IF(OR(Resultados!F47="",Resultados!G47=""),"",IF(AND(F47=Resultados!F47,G47=Resultados!G47),2,IF(((F47>G47)=(Resultados!F47>Resultados!G47))*((F47<G47)=(Resultados!F47<Resultados!G47)),1,0)))
B48: 46199 | C48: 0.041666667 | D48: J3 | E48: Japón | F48: 2 | G48: 1 | H48: Suecia | J48: =IF(OR(Resultados!F48="",Resultados!G48=""),"",IF(AND(F48=Resultados!F48,G48=Resultados!G48),2,IF(((F48>G48)=(Resultados!F48>Resultados!G48))*((F48<G48)=(Resultados!F48<Resultados!G48)),1,0)))
B49: 46199 | C49: 0.041666667 | D49: J3 | E49: Túnez | F49: 0 | G49: 2 | H49: Países Bajos | J49: =IF(OR(Resultados!F49="",Resultados!G49=""),"",IF(AND(F49=Resultados!F49,G49=Resultados!G49),2,IF(((F49>G49)=(Resultados!F49>Resultados!G49))*((F49<G49)=(Resultados!F49<Resultados!G49)),1,0)))
B51: Fecha | C51: Hora | D51: Jor. | E51: Casa | F51: Gol | G51: Gol | H51: Fuera
A52: G | B52: 46188 | C52: 0.875 | D52: J1 | E52: Bélgica | F52: 2 | G52: 1 | H52: Egipto | J52: =IF(OR(Resultados!F52="",Resultados!G52=""),"",IF(AND(F52=Resultados!F52,G52=Resultados!G52),2,IF(((F52>G52)=(Resultados!F52>Resultados!G52))*((F52<G52)=(Resultados!F52<Resultados!G52)),1,0)))
B53: 46189 | C53: 0.125 | D53: J1 | E53: Irán | F53: 1 | G53: 0 | H53: Nueva Zelanda | J53: =IF(OR(Resultados!F53="",Resultados!G53=""),"",IF(AND(F53=Resultados!F53,G53=Resultados!G53),2,IF(((F53>G53)=(Resultados!F53>Resultados!G53))*((F53<G53)=(Resultados!F53<Resultados!G53)),1,0)))
B54: 46194 | C54: 0.875 | D54: J2 | E54: Bélgica | F54: 2 | G54: 0 | H54: Irán | J54: =IF(OR(Resultados!F54="",Resultados!G54=""),"",IF(AND(F54=Resultados!F54,G54=Resultados!G54),2,IF(((F54>G54)=(Resultados!F54>Resultados!G54))*((F54<G54)=(Resultados!F54<Resultados!G54)),1,0)))
B55: 46195 | C55: 0.125 | D55: J2 | E55: Nueva Zelanda | F55: 0 | G55: 2 | H55: Egipto | J55: =IF(OR(Resultados!F55="",Resultados!G55=""),"",IF(AND(F55=Resultados!F55,G55=Resultados!G55),2,IF(((F55>G55)=(Resultados!F55>Resultados!G55))*((F55<G55)=(Resultados!F55<Resultados!G55)),1,0)))
B56: 46200 | C56: 0.20833333 | D56: J3 | E56: Egipto | F56: 2 | G56: 1 | H56: Irán | J56: =IF(OR(Resultados!F56="",Resultados!G56=""),"",IF(AND(F56=Resultados!F56,G56=Resultados!G56),2,IF(((F56>G56)=(Resultados!F56>Resultados!G56))*((F56<G56)=(Resultados!F56<Resultados!G56)),1,0)))
B57: 46200 | C57: 0.20833333 | D57: J3 | E57: Nueva Zelanda | F57: 1 | G57: 4 | H57: Bélgica | J57: =IF(OR(Resultados!F57="",Resultados!G57=""),"",IF(AND(F57=Resultados!F57,G57=Resultados!G57),2,IF(((F57>G57)=(Resultados!F57>Resultados!G57))*((F57<G57)=(Resultados!F57<Resultados!G57)),1,0)))
B59: Fecha | C59: Hora | D59: Jor. | E59: Casa | F59: Gol | G59: Gol | H59: Fuera
A60: H | B60: 46188 | C60: 0.75 | D60: J1 | E60: España | F60: 3 | G60: 0 | H60: Cabo Verde | J60: =IF(OR(Resultados!F60="",Resultados!G60=""),"",IF(AND(F60=Resultados!F60,G60=Resultados!G60),2,IF(((F60>G60)=(Resultados!F60>Resultados!G60))*((F60<G60)=(Resultados!F60<Resultados!G60)),1,0)))
B61: 46189 | C61: 0 | D61: J1 | E61: Arabia Saudita | F61: 0 | G61: 3 | H61: Uruguay | J61: =IF(OR(Resultados!F61="",Resultados!G61=""),"",IF(AND(F61=Resultados!F61,G61=Resultados!G61),2,IF(((F61>G61)=(Resultados!F61>Resultados!G61))*((F61<G61)=(Resultados!F61<Resultados!G61)),1,0)))
B62: 46194 | C62: 0.75 | D62: J2 | E62: España | F62: 3 | G62: 0 | H62: Arabia Saudita | J62: =IF(OR(Resultados!F62="",Resultados!G62=""),"",IF(AND(F62=Resultados!F62,G62=Resultados!G62),2,IF(((F62>G62)=(Resultados!F62>Resultados!G62))*((F62<G62)=(Resultados!F62<Resultados!G62)),1,0)))
B63: 46195 | C63: 0 | D63: J2 | E63: Uruguay | F63: 3 | G63: 0 | H63: Cabo Verde | J63: =IF(OR(Resultados!F63="",Resultados!G63=""),"",IF(AND(F63=Resultados!F63,G63=Resultados!G63),2,IF(((F63>G63)=(Resultados!F63>Resultados!G63))*((F63<G63)=(Resultados!F63<Resultados!G63)),1,0)))
B64: 46200 | C64: 0.083333333 | D64: J3 | E64: Cabo Verde | F64: 0 | G64: 1 | H64: Arabia Saudita | J64: =IF(OR(Resultados!F64="",Resultados!G64=""),"",IF(AND(F64=Resultados!F64,G64=Resultados!G64),2,IF(((F64>G64)=(Resultados!F64>Resultados!G64))*((F64<G64)=(Resultados!F64<Resultados!G64)),1,0)))
B65: 46200 | C65: 0.083333333 | D65: J3 | E65: Uruguay | F65: 1 | G65: 2 | H65: España | J65: =IF(OR(Resultados!F65="",Resultados!G65=""),"",IF(AND(F65=Resultados!F65,G65=Resultados!G65),2,IF(((F65>G65)=(Resultados!F65>Resultados!G65))*((F65<G65)=(Resultados!F65<Resultados!G65)),1,0)))
B67: Fecha | C67: Hora | D67: Jor. | E67: Casa | F67: Gol | G67: Gol | H67: Fuera
A68: I | B68: 46189 | C68: 0.875 | D68: J1 | E68: Francia | F68: 3 | G68: 1 | H68: Senegal | J68: =IF(OR(Resultados!F68="",Resultados!G68=""),"",IF(AND(F68=Resultados!F68,G68=Resultados!G68),2,IF(((F68>G68)=(Resultados!F68>Resultados!G68))*((F68<G68)=(Resultados!F68<Resultados!G68)),1,0)))
B69: 46190 | C69: 0 | D69: J1 | E69: Irak | F69: 0 | G69: 2 | H69: Noruega | J69: =IF(OR(Resultados!F69="",Resultados!G69=""),"",IF(AND(F69=Resultados!F69,G69=Resultados!G69),2,IF(((F69>G69)=(Resultados!F69>Resultados!G69))*((F69<G69)=(Resultados!F69<Resultados!G69)),1,0)))
B70: 46195 | C70: 0.95833333 | D70: J2 | E70: Francia | F70: 4 | G70: 0 | H70: Irak | J70: =IF(OR(Resultados!F70="",Resultados!G70=""),"",IF(AND(F70=Resultados!F70,G70=Resultados!G70),2,IF(((F70>G70)=(Resultados!F70>Resultados!G70))*((F70<G70)=(Resultados!F70<Resultados!G70)),1,0)))
B71: 46196 | C71: 0.083333333 | D71: J2 | E71: Noruega | F71: 3 | G71: 1 | H71: Senegal | J71: =IF(OR(Resultados!F71="",Resultados!G71=""),"",IF(AND(F71=Resultados!F71,G71=Resultados!G71),2,IF(((F71>G71)=(Resultados!F71>Resultados!G71))*((F71<G71)=(Resultados!F71<Resultados!G71)),1,0)))
B72: 46199 | C72: 0.875 | D72: J3 | E72: Noruega | F72: 1 | G72: 3 | H72: Francia | J72: =IF(OR(Resultados!F72="",Resultados!G72=""),"",IF(AND(F72=Resultados!F72,G72=Resultados!G72),2,IF(((F72>G72)=(Resultados!F72>Resultados!G72))*((F72<G72)=(Resultados!F72<Resultados!G72)),1,0)))
B73: 46199 | C73: 0.875 | D73: J3 | E73: Senegal | F73: 2 | G73: 0 | H73: Irak | J73: =IF(OR(Resultados!F73="",Resultados!G73=""),"",IF(AND(F73=Resultados!F73,G73=Resultados!G73),2,IF(((F73>G73)=(Resultados!F73>Resultados!G73))*((F73<G73)=(Resultados!F73<Resultados!G73)),1,0)))
B75: Fecha | C75: Hora | D75: Jor. | E75: Casa | F75: Gol | G75: Gol | H75: Fuera
A76: J | B76: 46190 | C76: 0.125 | D76: J1 | E76: Argentina | F76: 4 | G76: 0 | H76: Argelia | J76: =IF(OR(Resultados!F76="",Resultados!G76=""),"",IF(AND(F76=Resultados!F76,G76=Resultados!G76),2,IF(((F76>G76)=(Resultados!F76>Resultados!G76))*((F76<G76)=(Resultados!F76<Resultados!G76)),1,0)))
B77: 46190 | C77: 0.25 | D77: J1 | E77: Austria | F77: 2 | G77: 0 | H77: Jordania | J77: =IF(OR(Resultados!F77="",Resultados!G77=""),"",IF(AND(F77=Resultados!F77,G77=Resultados!G77),2,IF(((F77>G77)=(Resultados!F77>Resultados!G77))*((F77<G77)=(Resultados!F77<Resultados!G77)),1,0)))
B78: 46195 | C78: 0.79166667 | D78: J2 | E78: Argentina | F78: 2 | G78: 0 | H78: Austria | J78: =IF(OR(Resultados!F78="",Resultados!G78=""),"",IF(AND(F78=Resultados!F78,G78=Resultados!G78),2,IF(((F78>G78)=(Resultados!F78>Resultados!G78))*((F78<G78)=(Resultados!F78<Resultados!G78)),1,0)))
B79: 46196 | C79: 0.20833333 | D79: J2 | E79: Jordania | F79: 2 | G79: 1 | H79: Argelia | J79: =IF(OR(Resultados!F79="",Resultados!G79=""),"",IF(AND(F79=Resultados!F79,G79=Resultados!G79),2,IF(((F79>G79)=(Resultados!F79>Resultados!G79))*((F79<G79)=(Resultados!F79<Resultados!G79)),1,0)))
B80: 46201 | C80: 0.16666667 | D80: J3 | E80: Argelia | F80: 1 | G80: 3 | H80: Austria | J80: =IF(OR(Resultados!F80="",Resultados!G80=""),"",IF(AND(F80=Resultados!F80,G80=Resultados!G80),2,IF(((F80>G80)=(Resultados!F80>Resultados!G80))*((F80<G80)=(Resultados!F80<Resultados!G80)),1,0)))
B81: 46201 | C81: 0.16666667 | D81: J3 | E81: Jordania | F81: 0 | G81: 4 | H81: Argentina | J81: =IF(OR(Resultados!F81="",Resultados!G81=""),"",IF(AND(F81=Resultados!F81,G81=Resultados!G81),2,IF(((F81>G81)=(Resultados!F81>Resultados!G81))*((F81<G81)=(Resultados!F81<Resultados!G81)),1,0)))
B83: Fecha | C83: Hora | D83: Jor. | E83: Casa | F83: Gol | G83: Gol | H83: Fuera
A84: K | B84: 46190 | C84: 0.79166667 | D84: J1 | E84: Portugal | F84: 4 | G84: 0 | H84: RD Congo | J84: =IF(OR(Resultados!F84="",Resultados!G84=""),"",IF(AND(F84=Resultados!F84,G84=Resultados!G84),2,IF(((F84>G84)=(Resultados!F84>Resultados!G84))*((F84<G84)=(Resultados!F84<Resultados!G84)),1,0)))
B85: 46191 | C85: 0.16666667 | D85: J1 | E85: Uzbekistán | F85: 1 | G85: 3 | H85: Colombia | J85: =IF(OR(Resultados!F85="",Resultados!G85=""),"",IF(AND(F85=Resultados!F85,G85=Resultados!G85),2,IF(((F85>G85)=(Resultados!F85>Resultados!G85))*((F85<G85)=(Resultados!F85<Resultados!G85)),1,0)))
B86: 46196 | C86: 0.79166667 | D86: J2 | E86: Portugal | F86: 4 | G86: 0 | H86: Uzbekistán | J86: =IF(OR(Resultados!F86="",Resultados!G86=""),"",IF(AND(F86=Resultados!F86,G86=Resultados!G86),2,IF(((F86>G86)=(Resultados!F86>Resultados!G86))*((F86<G86)=(Resultados!F86<Resultados!G86)),1,0)))
B87: 46197 | C87: 0.16666667 | D87: J2 | E87: Colombia | F87: 2 | G87: 0 | H87: RD Congo | J87: =IF(OR(Resultados!F87="",Resultados!G87=""),"",IF(AND(F87=Resultados!F87,G87=Resultados!G87),2,IF(((F87>G87)=(Resultados!F87>Resultados!G87))*((F87<G87)=(Resultados!F87<Resultados!G87)),1,0)))
B88: 46201 | C88: 0.0625 | D88: J3 | E88: Colombia | F88: 2 | G88: 3 | H88: Portugal | J88: =IF(OR(Resultados!F88="",Resultados!G88=""),"",IF(AND(F88=Resultados!F88,G88=Resultados!G88),2,IF(((F88>G88)=(Resultados!F88>Resultados!G88))*((F88<G88)=(Resultados!F88<Resultados!G88)),1,0)))
B89: 46201 | C89: 0.0625 | D89: J3 | E89: RD Congo | F89: 1 | G89: 2 | H89: Uzbekistán | J89: =IF(OR(Resultados!F89="",Resultados!G89=""),"",IF(AND(F89=Resultados!F89,G89=Resultados!G89),2,IF(((F89>G89)=(Resultados!F89>Resultados!G89))*((F89<G89)=(Resultados!F89<Resultados!G89)),1,0)))
B91: Fecha | C91: Hora | D91: Jor. | E91: Casa | F91: Gol | G91: Gol | H91: Fuera
A92: L | B92: 46190 | C92: 0.91666667 | D92: J1 | E92: Inglaterra | F92: 2 | G92: 1 | H92: Croacia | J92: =IF(OR(Resultados!F92="",Resultados!G92=""),"",IF(AND(F92=Resultados!F92,G92=Resultados!G92),2,IF(((F92>G92)=(Resultados!F92>Resultados!G92))*((F92<G92)=(Resultados!F92<Resultados!G92)),1,0)))
B93: 46191 | C93: 0.041666667 | D93: J1 | E93: Ghana | F93: 2 | G93: 0 | H93: Panamá | J93: =IF(OR(Resultados!F93="",Resultados!G93=""),"",IF(AND(F93=Resultados!F93,G93=Resultados!G93),2,IF(((F93>G93)=(Resultados!F93>Resultados!G93))*((F93<G93)=(Resultados!F93<Resultados!G93)),1,0)))
B94: 46196 | C94: 0.91666667 | D94: J2 | E94: Inglaterra | F94: 2 | G94: 0 | H94: Ghana | J94: =IF(OR(Resultados!F94="",Resultados!G94=""),"",IF(AND(F94=Resultados!F94,G94=Resultados!G94),2,IF(((F94>G94)=(Resultados!F94>Resultados!G94))*((F94<G94)=(Resultados!F94<Resultados!G94)),1,0)))
B95: 46197 | C95: 0.041666667 | D95: J2 | E95: Panamá | F95: 0 | G95: 3 | H95: Croacia | J95: =IF(OR(Resultados!F95="",Resultados!G95=""),"",IF(AND(F95=Resultados!F95,G95=Resultados!G95),2,IF(((F95>G95)=(Resultados!F95>Resultados!G95))*((F95<G95)=(Resultados!F95<Resultados!G95)),1,0)))
B96: 46200 | C96: 0.95833333 | D96: J3 | E96: Panamá | F96: 0 | G96: 4 | H96: Inglaterra | J96: =IF(OR(Resultados!F96="",Resultados!G96=""),"",IF(AND(F96=Resultados!F96,G96=Resultados!G96),2,IF(((F96>G96)=(Resultados!F96>Resultados!G96))*((F96<G96)=(Resultados!F96<Resultados!G96)),1,0)))
B97: 46200 | C97: 0.95833333 | D97: J3 | E97: Croacia | F97: 3 | G97: 1 | H97: Ghana | J97: =IF(OR(Resultados!F97="",Resultados!G97=""),"",IF(AND(F97=Resultados!F97,G97=Resultados!G97),2,IF(((F97>G97)=(Resultados!F97>Resultados!G97))*((F97<G97)=(Resultados!F97<Resultados!G97)),1,0)))

Sheet Bere
A1: XXIII Mundial USA/MEX/CAN 2026
B3: Fecha | C3: Hora | D3: Jor. | E3: Casa | F3: Gol | G3: Gol | H3: Fuera | J3: Puntos | L3: Total
A4: A | B4: 46184 | C4: 0.875 | D4: J1 | E4: México | F4: 2 | G4: 0 | H4: Sudáfrica | L4: =SUM(J:J) -> 5
B5: 46185 | C5: 0.16666667 | D5: J1 | E5: Corea del Sur | F5: 2 | G5: 1 | H5: República Checa
B6: 46191 | C6: 0.75 | D6: J2 | E6: República Checa | F6: 3 | G6: 0 | H6: Sudáfrica | J6: =IF(OR(Resultados!F6="",Resultados!G6=""),"",IF(AND(F6=Resultados!F6,G6=Resultados!G6),2,IF(((F6>G6)=(Resultados!F6>Resultados!G6))*((F6<G6)=(Resultados!F6<Resultados!G6)),1,0)))
B7: 46192 | C7: 0.125 | D7: J2 | E7: México | F7: 1 | G7: 1 | H7: Corea del Sur | J7: =IF(OR(Resultados!F7="",Resultados!G7=""),"",IF(AND(F7=Resultados!F7,G7=Resultados!G7),2,IF(((F7>G7)=(Resultados!F7>Resultados!G7))*((F7<G7)=(Resultados!F7<Resultados!G7)),1,0)))
B8: 46198 | C8: 0.125 | D8: J3 | E8: República Checa | F8: 1 | G8: 2 | H8: México | J8: =IF(OR(Resultados!F8="",Resultados!G8=""),"",IF(AND(F8=Resultados!F8,G8=Resultados!G8),2,IF(((F8>G8)=(Resultados!F8>Resultados!G8))*((F8<G8)=(Resultados!F8<Resultados!G8)),1,0)))
B9: 46198 | C9: 0.125 | D9: J3 | E9: Sudáfrica | F9: 0 | G9: 3 | H9: Corea del Sur | J9: =IF(OR(Resultados!F9="",Resultados!G9=""),"",IF(AND(F9=Resultados!F9,G9=Resultados!G9),2,IF(((F9>G9)=(Resultados!F9>Resultados!G9))*((F9<G9)=(Resultados!F9<Resultados!G9)),1,0)))
B11: Fecha | C11: Hora | D11: Jor. | E11: Casa | F11: Gol | G11: Gol | H11: Fuera
A12: B | B12: 46185 | C12: 0.875 | D12: J1 | E12: Canadá | F12: 1 | G12: 1 | H12: Bosnia y Herzegovina
B13: 46186 | C13: 0.875 | D13: J1 | E13: Catar | F13: 1 | G13: 1 | H13: Suiza
B14: 46191 | C14: 0.875 | D14: J2 | E14: Suiza | F14: 1 | G14: 0 | H14: Bosnia y Herzegovina | J14: =IF(OR(Resultados!F14="",Resultados!G14=""),"",IF(AND(F14=Resultados!F14,G14=Resultados!G14),2,IF(((F14>G14)=(Resultados!F14>Resultados!G14))*((F14<G14)=(Resultados!F14<Resultados!G14)),1,0)))
B15: 46192 | C15: 0 | D15: J2 | E15: Canadá | F15: 2 | G15: 1 | H15: Catar | J15: =IF(OR(Resultados!F15="",Resultados!G15=""),"",IF(AND(F15=Resultados!F15,G15=Resultados!G15),2,IF(((F15>G15)=(Resultados!F15>Resultados!G15))*((F15<G15)=(Resultados!F15<Resultados!G15)),1,0)))
B16: 46197 | C16: 0.875 | D16: J3 | E16: Suiza | F16: 1 | G16: 1 | H16: Canadá | J16: =IF(OR(Resultados!F16="",Resultados!G16=""),"",IF(AND(F16=Resultados!F16,G16=Resultados!G16),2,IF(((F16>G16)=(Resultados!F16>Resultados!G16))*((F16<G16)=(Resultados!F16<Resultados!G16)),1,0)))
B17: 46197 | C17: 0.875 | D17: J3 | E17: Bosnia y Herzegovina | F17: 1 | G17: 0 | H17: Catar | J17: =IF(OR(Resultados!F17="",Resultados!G17=""),"",IF(AND(F17=Resultados!F17,G17=Resultados!G17),2,IF(((F17>G17)=(Resultados!F17>Resultados!G17))*((F17<G17)=(Resultados!F17<Resultados!G17)),1,0)))
B19: Fecha | C19: Hora | D19: Jor. | E19: Casa | F19: Gol | G19: Gol | H19: Fuera
A20: C | B20: 46187 | C20: 0 | D20: J1 | E20: Brasil | F20: 1 | G20: 1 | H20: Marruecos
B21: 46187 | C21: 0.125 | D21: J1 | E21: Haití | F21: 1 | G21: 3 | H21: Escocia | J21: =IF(OR(Resultados!F21="",Resultados!G21=""),"",IF(AND(F21=Resultados!F21,G21=Resultados!G21),2,IF(((F21>G21)=(Resultados!F21>Resultados!G21))*((F21<G21)=(Resultados!F21<Resultados!G21)),1,0))) -> 1
B22: 46193 | C22: 0 | D22: J2 | E22: Escocia | F22: 1 | G22: 2 | H22: Marruecos | J22: =IF(OR(Resultados!F22="",Resultados!G22=""),"",IF(AND(F22=Resultados!F22,G22=Resultados!G22),2,IF(((F22>G22)=(Resultados!F22>Resultados!G22))*((F22<G22)=(Resultados!F22<Resultados!G22)),1,0)))
B23: 46193 | C23: 0.10416667 | D23: J2 | E23: Brasil | F23: 3 | G23: 0 | H23: Haití | J23: =IF(OR(Resultados!F23="",Resultados!G23=""),"",IF(AND(F23=Resultados!F23,G23=Resultados!G23),2,IF(((F23>G23)=(Resultados!F23>Resultados!G23))*((F23<G23)=(Resultados!F23<Resultados!G23)),1,0)))
B24: 46198 | C24: 0 | D24: J3 | E24: Escocia | F24: 1 | G24: 2 | H24: Brasil | J24: =IF(OR(Resultados!F24="",Resultados!G24=""),"",IF(AND(F24=Resultados!F24,G24=Resultados!G24),2,IF(((F24>G24)=(Resultados!F24>Resultados!G24))*((F24<G24)=(Resultados!F24<Resultados!G24)),1,0)))
B25: 46198 | C25: 0 | D25: J3 | E25: Marruecos | F25: 3 | G25: 0 | H25: Haití | J25: =IF(OR(Resultados!F25="",Resultados!G25=""),"",IF(AND(F25=Resultados!F25,G25=Resultados!G25),2,IF(((F25>G25)=(Resultados!F25>Resultados!G25))*((F25<G25)=(Resultados!F25<Resultados!G25)),1,0)))
B27: Fecha | C27: Hora | D27: Jor. | E27: Casa | F27: Gol | G27: Gol | H27: Fuera
A28: D | B28: 46186 | C28: 0.125 | D28: J1 | E28: Estados Unidos | F28: 4 | G28: 1 | H28: Paraguay
B29: 46187 | C29: 0.25 | D29: J1 | E29: Australia | F29: 0 | G29: 2 | H29: Turquía | J29: =IF(OR(Resultados!F29="",Resultados!G29=""),"",IF(AND(F29=Resultados!F29,G29=Resultados!G29),2,IF(((F29>G29)=(Resultados!F29>Resultados!G29))*((F29<G29)=(Resultados!F29<Resultados!G29)),1,0))) -> 0
B30: 46192 | C30: 0.875 | D30: J2 | E30: Estados Unidos | F30: 2 | G30: 0 | H30: Australia | J30: =IF(OR(Resultados!F30="",Resultados!G30=""),"",IF(AND(F30=Resultados!F30,G30=Resultados!G30),2,IF(((F30>G30)=(Resultados!F30>Resultados!G30))*((F30<G30)=(Resultados!F30<Resultados!G30)),1,0)))
B31: 46193 | C31: 0.20833333 | D31: J2 | E31: Turquía | F31: 1 | G31: 1 | H31: Paraguay | J31: =IF(OR(Resultados!F31="",Resultados!G31=""),"",IF(AND(F31=Resultados!F31,G31=Resultados!G31),2,IF(((F31>G31)=(Resultados!F31>Resultados!G31))*((F31<G31)=(Resultados!F31<Resultados!G31)),1,0)))
B32: 46199 | C32: 0.16666667 | D32: J3 | E32: Turquía | H32: Estados Unidos | J32: =IF(OR(Resultados!F32="",Resultados!G32=""),"",IF(AND(F32=Resultados!F32,G32=Resultados!G32),2,IF(((F32>G32)=(Resultados!F32>Resultados!G32))*((F32<G32)=(Resultados!F32<Resultados!G32)),1,0)))
B33: 46199 | C33: 0.16666667 | D33: J3 | E33: Paraguay | H33: Australia | J33: =IF(OR(Resultados!F33="",Resultados!G33=""),"",IF(AND(F33=Resultados!F33,G33=Resultados!G33),2,IF(((F33>G33)=(Resultados!F33>Resultados!G33))*((F33<G33)=(Resultados!F33<Resultados!G33)),1,0)))
B35: Fecha | C35: Hora | D35: Jor. | E35: Casa | F35: Gol | G35: Gol | H35: Fuera
A36: E | B36: 46187 | C36: 0.79166667 | D36: J1 | E36: Alemania | F36: 3 | G36: 0 | H36: Curazao | J36: =IF(OR(Resultados!F36="",Resultados!G36=""),"",IF(AND(F36=Resultados!F36,G36=Resultados!G36),2,IF(((F36>G36)=(Resultados!F36>Resultados!G36))*((F36<G36)=(Resultados!F36<Resultados!G36)),1,0))) -> 1
B37: 46188 | C37: 0.041666667 | D37: J1 | E37: Costa de Marfil | F37: 2 | G37: 2 | H37: Ecuador | J37: =IF(OR(Resultados!F37="",Resultados!G37=""),"",IF(AND(F37=Resultados!F37,G37=Resultados!G37),2,IF(((F37>G37)=(Resultados!F37>Resultados!G37))*((F37<G37)=(Resultados!F37<Resultados!G37)),1,0))) -> 0
B38: 46193 | C38: 0.91666667 | D38: J2 | E38: Alemania | H38: Costa de Marfil | J38: =IF(OR(Resultados!F38="",Resultados!G38=""),"",IF(AND(F38=Resultados!F38,G38=Resultados!G38),2,IF(((F38>G38)=(Resultados!F38>Resultados!G38))*((F38<G38)=(Resultados!F38<Resultados!G38)),1,0)))
B39: 46194 | C39: 0.083333333 | D39: J2 | E39: Ecuador | H39: Curazao | J39: =IF(OR(Resultados!F39="",Resultados!G39=""),"",IF(AND(F39=Resultados!F39,G39=Resultados!G39),2,IF(((F39>G39)=(Resultados!F39>Resultados!G39))*((F39<G39)=(Resultados!F39<Resultados!G39)),1,0)))
B40: 46198 | C40: 0.91666667 | D40: J3 | E40: Curazao | H40: Costa de Marfil | J40: =IF(OR(Resultados!F40="",Resultados!G40=""),"",IF(AND(F40=Resultados!F40,G40=Resultados!G40),2,IF(((F40>G40)=(Resultados!F40>Resultados!G40))*((F40<G40)=(Resultados!F40<Resultados!G40)),1,0)))
B41: 46198 | C41: 0.91666667 | D41: J3 | E41: Ecuador | H41: Alemania | J41: =IF(OR(Resultados!F41="",Resultados!G41=""),"",IF(AND(F41=Resultados!F41,G41=Resultados!G41),2,IF(((F41>G41)=(Resultados!F41>Resultados!G41))*((F41<G41)=(Resultados!F41<Resultados!G41)),1,0)))
B43: Fecha | C43: Hora | D43: Jor. | E43: Casa | F43: Gol | G43: Gol | H43: Fuera
A44: F | B44: 46187 | C44: 0.91666667 | D44: J1 | E44: Países Bajos | F44: 2 | G44: 2 | H44: Japón | J44: =IF(OR(Resultados!F44="",Resultados!G44=""),"",IF(AND(F44=Resultados!F44,G44=Resultados!G44),2,IF(((F44>G44)=(Resultados!F44>Resultados!G44))*((F44<G44)=(Resultados!F44<Resultados!G44)),1,0))) -> 2
B45: 46188 | C45: 0.16666667 | D45: J1 | E45: Suecia | F45: 2 | G45: 1 | H45: Túnez | J45: =IF(OR(Resultados!F45="",Resultados!G45=""),"",IF(AND(F45=Resultados!F45,G45=Resultados!G45),2,IF(((F45>G45)=(Resultados!F45>Resultados!G45))*((F45<G45)=(Resultados!F45<Resultados!G45)),1,0))) -> 1
B46: 46193 | C46: 0.79166667 | D46: J2 | E46: Países Bajos | H46: Suecia | J46: =IF(OR(Resultados!F46="",Resultados!G46=""),"",IF(AND(F46=Resultados!F46,G46=Resultados!G46),2,IF(((F46>G46)=(Resultados!F46>Resultados!G46))*((F46<G46)=(Resultados!F46<Resultados!G46)),1,0)))
B47: 46194 | C47: 0.25 | D47: J2 | E47: Túnez | H47: Japón | J47: =IF(OR(Resultados!F47="",Resultados!G47=""),"",IF(AND(F47=Resultados!F47,G47=Resultados!G47),2,IF(((F47>G47)=(Resultados!F47>Resultados!G47))*((F47<G47)=(Resultados!F47<Resultados!G47)),1,0)))
B48: 46199 | C48: 0.041666667 | D48: J3 | E48: Japón | H48: Suecia | J48: =IF(OR(Resultados!F48="",Resultados!G48=""),"",IF(AND(F48=Resultados!F48,G48=Resultados!G48),2,IF(((F48>G48)=(Resultados!F48>Resultados!G48))*((F48<G48)=(Resultados!F48<Resultados!G48)),1,0)))
B49: 46199 | C49: 0.041666667 | D49: J3 | E49: Túnez | H49: Países Bajos | J49: =IF(OR(Resultados!F49="",Resultados!G49=""),"",IF(AND(F49=Resultados!F49,G49=Resultados!G49),2,IF(((F49>G49)=(Resultados!F49>Resultados!G49))*((F49<G49)=(Resultados!F49<Resultados!G49)),1,0)))
B51: Fecha | C51: Hora | D51: Jor. | E51: Casa | F51: Gol | G51: Gol | H51: Fuera
A52: G | B52: 46188 | C52: 0.875 | D52: J1 | E52: Bélgica | F52: 2 | G52: 1 | H52: Egipto | J52: =IF(OR(Resultados!F52="",Resultados!G52=""),"",IF(AND(F52=Resultados!F52,G52=Resultados!G52),2,IF(((F52>G52)=(Resultados!F52>Resultados!G52))*((F52<G52)=(Resultados!F52<Resultados!G52)),1,0)))
B53: 46189 | C53: 0.125 | D53: J1 | E53: Irán | F53: 0 | G53: 2 | H53: Nueva Zelanda | J53: =IF(OR(Resultados!F53="",Resultados!G53=""),"",IF(AND(F53=Resultados!F53,G53=Resultados!G53),2,IF(((F53>G53)=(Resultados!F53>Resultados!G53))*((F53<G53)=(Resultados!F53<Resultados!G53)),1,0)))
B54: 46194 | C54: 0.875 | D54: J2 | E54: Bélgica | H54: Irán | J54: =IF(OR(Resultados!F54="",Resultados!G54=""),"",IF(AND(F54=Resultados!F54,G54=Resultados!G54),2,IF(((F54>G54)=(Resultados!F54>Resultados!G54))*((F54<G54)=(Resultados!F54<Resultados!G54)),1,0)))
B55: 46195 | C55: 0.125 | D55: J2 | E55: Nueva Zelanda | H55: Egipto | J55: =IF(OR(Resultados!F55="",Resultados!G55=""),"",IF(AND(F55=Resultados!F55,G55=Resultados!G55),2,IF(((F55>G55)=(Resultados!F55>Resultados!G55))*((F55<G55)=(Resultados!F55<Resultados!G55)),1,0)))
B56: 46200 | C56: 0.20833333 | D56: J3 | E56: Egipto | H56: Irán | J56: =IF(OR(Resultados!F56="",Resultados!G56=""),"",IF(AND(F56=Resultados!F56,G56=Resultados!G56),2,IF(((F56>G56)=(Resultados!F56>Resultados!G56))*((F56<G56)=(Resultados!F56<Resultados!G56)),1,0)))
B57: 46200 | C57: 0.20833333 | D57: J3 | E57: Nueva Zelanda | H57: Bélgica | J57: =IF(OR(Resultados!F57="",Resultados!G57=""),"",IF(AND(F57=Resultados!F57,G57=Resultados!G57),2,IF(((F57>G57)=(Resultados!F57>Resultados!G57))*((F57<G57)=(Resultados!F57<Resultados!G57)),1,0)))
B59: Fecha | C59: Hora | D59: Jor. | E59: Casa | F59: Gol | G59: Gol | H59: Fuera
A60: H | B60: 46188 | C60: 0.75 | D60: J1 | E60: España | H60: Cabo Verde | J60: =IF(OR(Resultados!F60="",Resultados!G60=""),"",IF(AND(F60=Resultados!F60,G60=Resultados!G60),2,IF(((F60>G60)=(Resultados!F60>Resultados!G60))*((F60<G60)=(Resultados!F60<Resultados!G60)),1,0)))
B61: 46189 | C61: 0 | D61: J1 | E61: Arabia Saudita | H61: Uruguay | J61: =IF(OR(Resultados!F61="",Resultados!G61=""),"",IF(AND(F61=Resultados!F61,G61=Resultados!G61),2,IF(((F61>G61)=(Resultados!F61>Resultados!G61))*((F61<G61)=(Resultados!F61<Resultados!G61)),1,0)))
B62: 46194 | C62: 0.75 | D62: J2 | E62: España | H62: Arabia Saudita | J62: =IF(OR(Resultados!F62="",Resultados!G62=""),"",IF(AND(F62=Resultados!F62,G62=Resultados!G62),2,IF(((F62>G62)=(Resultados!F62>Resultados!G62))*((F62<G62)=(Resultados!F62<Resultados!G62)),1,0)))
B63: 46195 | C63: 0 | D63: J2 | E63: Uruguay | H63: Cabo Verde | J63: =IF(OR(Resultados!F63="",Resultados!G63=""),"",IF(AND(F63=Resultados!F63,G63=Resultados!G63),2,IF(((F63>G63)=(Resultados!F63>Resultados!G63))*((F63<G63)=(Resultados!F63<Resultados!G63)),1,0)))
B64: 46200 | C64: 0.083333333 | D64: J3 | E64: Cabo Verde | H64: Arabia Saudita | J64: =IF(OR(Resultados!F64="",Resultados!G64=""),"",IF(AND(F64=Resultados!F64,G64=Resultados!G64),2,IF(((F64>G64)=(Resultados!F64>Resultados!G64))*((F64<G64)=(Resultados!F64<Resultados!G64)),1,0)))
B65: 46200 | C65: 0.083333333 | D65: J3 | E65: Uruguay | H65: España | J65: =IF(OR(Resultados!F65="",Resultados!G65=""),"",IF(AND(F65=Resultados!F65,G65=Resultados!G65),2,IF(((F65>G65)=(Resultados!F65>Resultados!G65))*((F65<G65)=(Resultados!F65<Resultados!G65)),1,0)))
B67: Fecha | C67: Hora | D67: Jor. | E67: Casa | F67: Gol | G67: Gol | H67: Fuera
A68: I | B68: 46189 | C68: 0.875 | D68: J1 | E68: Francia | H68: Senegal | J68: =IF(OR(Resultados!F68="",Resultados!G68=""),"",IF(AND(F68=Resultados!F68,G68=Resultados!G68),2,IF(((F68>G68)=(Resultados!F68>Resultados!G68))*((F68<G68)=(Resultados!F68<Resultados!G68)),1,0)))
B69: 46190 | C69: 0 | D69: J1 | E69: Irak | H69: Noruega | J69: =IF(OR(Resultados!F69="",Resultados!G69=""),"",IF(AND(F69=Resultados!F69,G69=Resultados!G69),2,IF(((F69>G69)=(Resultados!F69>Resultados!G69))*((F69<G69)=(Resultados!F69<Resultados!G69)),1,0)))
B70: 46195 | C70: 0.95833333 | D70: J2 | E70: Francia | H70: Irak | J70: =IF(OR(Resultados!F70="",Resultados!G70=""),"",IF(AND(F70=Resultados!F70,G70=Resultados!G70),2,IF(((F70>G70)=(Resultados!F70>Resultados!G70))*((F70<G70)=(Resultados!F70<Resultados!G70)),1,0)))
B71: 46196 | C71: 0.083333333 | D71: J2 | E71: Noruega | H71: Senegal | J71: =IF(OR(Resultados!F71="",Resultados!G71=""),"",IF(AND(F71=Resultados!F71,G71=Resultados!G71),2,IF(((F71>G71)=(Resultados!F71>Resultados!G71))*((F71<G71)=(Resultados!F71<Resultados!G71)),1,0)))
B72: 46199 | C72: 0.875 | D72: J3 | E72: Noruega | H72: Francia | J72: =IF(OR(Resultados!F72="",Resultados!G72=""),"",IF(AND(F72=Resultados!F72,G72=Resultados!G72),2,IF(((F72>G72)=(Resultados!F72>Resultados!G72))*((F72<G72)=(Resultados!F72<Resultados!G72)),1,0)))
B73: 46199 | C73: 0.875 | D73: J3 | E73: Senegal | H73: Irak | J73: =IF(OR(Resultados!F73="",Resultados!G73=""),"",IF(AND(F73=Resultados!F73,G73=Resultados!G73),2,IF(((F73>G73)=(Resultados!F73>Resultados!G73))*((F73<G73)=(Resultados!F73<Resultados!G73)),1,0)))
B75: Fecha | C75: Hora | D75: Jor. | E75: Casa | F75: Gol | G75: Gol | H75: Fuera
A76: J | B76: 46190 | C76: 0.125 | D76: J1 | E76: Argentina | H76: Argelia | J76: =IF(OR(Resultados!F76="",Resultados!G76=""),"",IF(AND(F76=Resultados!F76,G76=Resultados!G76),2,IF(((F76>G76)=(Resultados!F76>Resultados!G76))*((F76<G76)=(Resultados!F76<Resultados!G76)),1,0)))
B77: 46190 | C77: 0.25 | D77: J1 | E77: Austria | H77: Jordania | J77: =IF(OR(Resultados!F77="",Resultados!G77=""),"",IF(AND(F77=Resultados!F77,G77=Resultados!G77),2,IF(((F77>G77)=(Resultados!F77>Resultados!G77))*((F77<G77)=(Resultados!F77<Resultados!G77)),1,0)))
B78: 46195 | C78: 0.79166667 | D78: J2 | E78: Argentina | H78: Austria | J78: =IF(OR(Resultados!F78="",Resultados!G78=""),"",IF(AND(F78=Resultados!F78,G78=Resultados!G78),2,IF(((F78>G78)=(Resultados!F78>Resultados!G78))*((F78<G78)=(Resultados!F78<Resultados!G78)),1,0)))
B79: 46196 | C79: 0.20833333 | D79: J2 | E79: Jordania | H79: Argelia | J79: =IF(OR(Resultados!F79="",Resultados!G79=""),"",IF(AND(F79=Resultados!F79,G79=Resultados!G79),2,IF(((F79>G79)=(Resultados!F79>Resultados!G79))*((F79<G79)=(Resultados!F79<Resultados!G79)),1,0)))
B80: 46201 | C80: 0.16666667 | D80: J3 | E80: Argelia | H80: Austria | J80: =IF(OR(Resultados!F80="",Resultados!G80=""),"",IF(AND(F80=Resultados!F80,G80=Resultados!G80),2,IF(((F80>G80)=(Resultados!F80>Resultados!G80))*((F80<G80)=(Resultados!F80<Resultados!G80)),1,0)))
B81: 46201 | C81: 0.16666667 | D81: J3 | E81: Jordania | H81: Argentina | J81: =IF(OR(Resultados!F81="",Resultados!G81=""),"",IF(AND(F81=Resultados!F81,G81=Resultados!G81),2,IF(((F81>G81)=(Resultados!F81>Resultados!G81))*((F81<G81)=(Resultados!F81<Resultados!G81)),1,0)))
B83: Fecha | C83: Hora | D83: Jor. | E83: Casa | F83: Gol | G83: Gol | H83: Fuera
A84: K | B84: 46190 | C84: 0.79166667 | D84: J1 | E84: Portugal | H84: RD Congo | J84: =IF(OR(Resultados!F84="",Resultados!G84=""),"",IF(AND(F84=Resultados!F84,G84=Resultados!G84),2,IF(((F84>G84)=(Resultados!F84>Resultados!G84))*((F84<G84)=(Resultados!F84<Resultados!G84)),1,0)))
B85: 46191 | C85: 0.16666667 | D85: J1 | E85: Uzbekistán | H85: Colombia | J85: =IF(OR(Resultados!F85="",Resultados!G85=""),"",IF(AND(F85=Resultados!F85,G85=Resultados!G85),2,IF(((F85>G85)=(Resultados!F85>Resultados!G85))*((F85<G85)=(Resultados!F85<Resultados!G85)),1,0)))
B86: 46196 | C86: 0.79166667 | D86: J2 | E86: Portugal | H86: Uzbekistán | J86: =IF(OR(Resultados!F86="",Resultados!G86=""),"",IF(AND(F86=Resultados!F86,G86=Resultados!G86),2,IF(((F86>G86)=(Resultados!F86>Resultados!G86))*((F86<G86)=(Resultados!F86<Resultados!G86)),1,0)))
B87: 46197 | C87: 0.16666667 | D87: J2 | E87: Colombia | H87: RD Congo | J87: =IF(OR(Resultados!F87="",Resultados!G87=""),"",IF(AND(F87=Resultados!F87,G87=Resultados!G87),2,IF(((F87>G87)=(Resultados!F87>Resultados!G87))*((F87<G87)=(Resultados!F87<Resultados!G87)),1,0)))
B88: 46201 | C88: 0.0625 | D88: J3 | E88: Colombia | H88: Portugal | J88: =IF(OR(Resultados!F88="",Resultados!G88=""),"",IF(AND(F88=Resultados!F88,G88=Resultados!G88),2,IF(((F88>G88)=(Resultados!F88>Resultados!G88))*((F88<G88)=(Resultados!F88<Resultados!G88)),1,0)))
B89: 46201 | C89: 0.0625 | D89: J3 | E89: RD Congo | H89: Uzbekistán | J89: =IF(OR(Resultados!F89="",Resultados!G89=""),"",IF(AND(F89=Resultados!F89,G89=Resultados!G89),2,IF(((F89>G89)=(Resultados!F89>Resultados!G89))*((F89<G89)=(Resultados!F89<Resultados!G89)),1,0)))
B91: Fecha | C91: Hora | D91: Jor. | E91: Casa | F91: Gol | G91: Gol | H91: Fuera
A92: L | B92: 46190 | C92: 0.91666667 | D92: J1 | E92: Inglaterra | H92: Croacia | J92: =IF(OR(Resultados!F92="",Resultados!G92=""),"",IF(AND(F92=Resultados!F92,G92=Resultados!G92),2,IF(((F92>G92)=(Resultados!F92>Resultados!G92))*((F92<G92)=(Resultados!F92<Resultados!G92)),1,0)))
B93: 46191 | C93: 0.041666667 | D93: J1 | E93: Ghana | H93: Panamá | J93: =IF(OR(Resultados!F93="",Resultados!G93=""),"",IF(AND(F93=Resultados!F93,G93=Resultados!G93),2,IF(((F93>G93)=(Resultados!F93>Resultados!G93))*((F93<G93)=(Resultados!F93<Resultados!G93)),1,0)))
B94: 46196 | C94: 0.91666667 | D94: J2 | E94: Inglaterra | H94: Ghana | J94: =IF(OR(Resultados!F94="",Resultados!G94=""),"",IF(AND(F94=Resultados!F94,G94=Resultados!G94),2,IF(((F94>G94)=(Resultados!F94>Resultados!G94))*((F94<G94)=(Resultados!F94<Resultados!G94)),1,0)))
B95: 46197 | C95: 0.041666667 | D95: J2 | E95: Panamá | H95: Croacia | J95: =IF(OR(Resultados!F95="",Resultados!G95=""),"",IF(AND(F95=Resultados!F95,G95=Resultados!G95),2,IF(((F95>G95)=(Resultados!F95>Resultados!G95))*((F95<G95)=(Resultados!F95<Resultados!G95)),1,0)))
B96: 46200 | C96: 0.95833333 | D96: J3 | E96: Panamá | H96: Inglaterra | J96: =IF(OR(Resultados!F96="",Resultados!G96=""),"",IF(AND(F96=Resultados!F96,G96=Resultados!G96),2,IF(((F96>G96)=(Resultados!F96>Resultados!G96))*((F96<G96)=(Resultados!F96<Resultados!G96)),1,0)))
B97: 46200 | C97: 0.95833333 | D97: J3 | E97: Croacia | H97: Ghana | J97: =IF(OR(Resultados!F97="",Resultados!G97=""),"",IF(AND(F97=Resultados!F97,G97=Resultados!G97),2,IF(((F97>G97)=(Resultados!F97>Resultados!G97))*((F97<G97)=(Resultados!F97<Resultados!G97)),1,0)))

Sheet Erick
A1: XXIII Mundial USA/MEX/CAN 2026
B3: Fecha | C3: Hora | D3: Jor. | E3: Casa | F3: Gol | G3: Gol | H3: Fuera | J3: Puntos | L3: Total
A4: A | B4: 46184 | C4: 0.875 | D4: J1 | E4: México | F4: 2 | G4: 0 | H4: Sudáfrica | L4: =SUM(J:J) -> 4
B5: 46185 | C5: 0.16666667 | D5: J1 | E5: Corea del Sur | F5: 2 | G5: 1 | H5: República Checa
B6: 46191 | C6: 0.75 | D6: J2 | E6: República Checa | F6: 2 | G6: 0 | H6: Sudáfrica | J6: =IF(OR(Resultados!F6="",Resultados!G6=""),"",IF(AND(F6=Resultados!F6,G6=Resultados!G6),2,IF(((F6>G6)=(Resultados!F6>Resultados!G6))*((F6<G6)=(Resultados!F6<Resultados!G6)),1,0)))
B7: 46192 | C7: 0.125 | D7: J2 | E7: México | F7: 2 | G7: 1 | H7: Corea del Sur | J7: =IF(OR(Resultados!F7="",Resultados!G7=""),"",IF(AND(F7=Resultados!F7,G7=Resultados!G7),2,IF(((F7>G7)=(Resultados!F7>Resultados!G7))*((F7<G7)=(Resultados!F7<Resultados!G7)),1,0)))
B8: 46198 | C8: 0.125 | D8: J3 | E8: República Checa | F8: 0 | G8: 1 | H8: México | J8: =IF(OR(Resultados!F8="",Resultados!G8=""),"",IF(AND(F8=Resultados!F8,G8=Resultados!G8),2,IF(((F8>G8)=(Resultados!F8>Resultados!G8))*((F8<G8)=(Resultados!F8<Resultados!G8)),1,0)))
B9: 46198 | C9: 0.125 | D9: J3 | E9: Sudáfrica | F9: 0 | G9: 2 | H9: Corea del Sur | J9: =IF(OR(Resultados!F9="",Resultados!G9=""),"",IF(AND(F9=Resultados!F9,G9=Resultados!G9),2,IF(((F9>G9)=(Resultados!F9>Resultados!G9))*((F9<G9)=(Resultados!F9<Resultados!G9)),1,0)))
B11: Fecha | C11: Hora | D11: Jor. | E11: Casa | F11: Gol | G11: Gol | H11: Fuera
A12: B | B12: 46185 | C12: 0.875 | D12: J1 | E12: Canadá | F12: 1 | G12: 1 | H12: Bosnia y Herzegovina
B13: 46186 | C13: 0.875 | D13: J1 | E13: Catar | F13: 1 | G13: 1 | H13: Suiza
B14: 46191 | C14: 0.875 | D14: J2 | E14: Suiza | F14: 1 | G14: 1 | H14: Bosnia y Herzegovina | J14: =IF(OR(Resultados!F14="",Resultados!G14=""),"",IF(AND(F14=Resultados!F14,G14=Resultados!G14),2,IF(((F14>G14)=(Resultados!F14>Resultados!G14))*((F14<G14)=(Resultados!F14<Resultados!G14)),1,0)))
B15: 46192 | C15: 0 | D15: J2 | E15: Canadá | F15: 2 | G15: 1 | H15: Catar | J15: =IF(OR(Resultados!F15="",Resultados!G15=""),"",IF(AND(F15=Resultados!F15,G15=Resultados!G15),2,IF(((F15>G15)=(Resultados!F15>Resultados!G15))*((F15<G15)=(Resultados!F15<Resultados!G15)),1,0)))
B16: 46197 | C16: 0.875 | D16: J3 | E16: Suiza | F16: 1 | G16: 1 | H16: Canadá | J16: =IF(OR(Resultados!F16="",Resultados!G16=""),"",IF(AND(F16=Resultados!F16,G16=Resultados!G16),2,IF(((F16>G16)=(Resultados!F16>Resultados!G16))*((F16<G16)=(Resultados!F16<Resultados!G16)),1,0)))
B17: 46197 | C17: 0.875 | D17: J3 | E17: Bosnia y Herzegovina | F17: 1 | G17: 0 | H17: Catar | J17: =IF(OR(Resultados!F17="",Resultados!G17=""),"",IF(AND(F17=Resultados!F17,G17=Resultados!G17),2,IF(((F17>G17)=(Resultados!F17>Resultados!G17))*((F17<G17)=(Resultados!F17<Resultados!G17)),1,0)))
B19: Fecha | C19: Hora | D19: Jor. | E19: Casa | F19: Gol | G19: Gol | H19: Fuera
A20: C | B20: 46187 | C20: 0 | D20: J1 | E20: Brasil | F20: 1 | G20: 1 | H20: Marruecos
B21: 46187 | C21: 0.125 | D21: J1 | E21: Haití | F21: 0 | G21: 1 | H21: Escocia | J21: =IF(OR(Resultados!F21="",Resultados!G21=""),"",IF(AND(F21=Resultados!F21,G21=Resultados!G21),2,IF(((F21>G21)=(Resultados!F21>Resultados!G21))*((F21<G21)=(Resultados!F21<Resultados!G21)),1,0))) -> 2
B22: 46193 | C22: 0 | D22: J2 | E22: Escocia | F22: 0 | G22: 3 | H22: Marruecos | J22: =IF(OR(Resultados!F22="",Resultados!G22=""),"",IF(AND(F22=Resultados!F22,G22=Resultados!G22),2,IF(((F22>G22)=(Resultados!F22>Resultados!G22))*((F22<G22)=(Resultados!F22<Resultados!G22)),1,0)))
B23: 46193 | C23: 0.10416667 | D23: J2 | E23: Brasil | F23: 5 | G23: 0 | H23: Haití | J23: =IF(OR(Resultados!F23="",Resultados!G23=""),"",IF(AND(F23=Resultados!F23,G23=Resultados!G23),2,IF(((F23>G23)=(Resultados!F23>Resultados!G23))*((F23<G23)=(Resultados!F23<Resultados!G23)),1,0)))
B24: 46198 | C24: 0 | D24: J3 | E24: Escocia | F24: 0 | G24: 3 | H24: Brasil | J24: =IF(OR(Resultados!F24="",Resultados!G24=""),"",IF(AND(F24=Resultados!F24,G24=Resultados!G24),2,IF(((F24>G24)=(Resultados!F24>Resultados!G24))*((F24<G24)=(Resultados!F24<Resultados!G24)),1,0)))
B25: 46198 | C25: 0 | D25: J3 | E25: Marruecos | F25: 4 | G25: 0 | H25: Haití | J25: =IF(OR(Resultados!F25="",Resultados!G25=""),"",IF(AND(F25=Resultados!F25,G25=Resultados!G25),2,IF(((F25>G25)=(Resultados!F25>Resultados!G25))*((F25<G25)=(Resultados!F25<Resultados!G25)),1,0)))
B27: Fecha | C27: Hora | D27: Jor. | E27: Casa | F27: Gol | G27: Gol | H27: Fuera
A28: D | B28: 46186 | C28: 0.125 | D28: J1 | E28: Estados Unidos | F28: 4 | G28: 1 | H28: Paraguay
B29: 46187 | C29: 0.25 | D29: J1 | E29: Australia | F29: 0 | G29: 2 | H29: Turquía | J29: =IF(OR(Resultados!F29="",Resultados!G29=""),"",IF(AND(F29=Resultados!F29,G29=Resultados!G29),2,IF(((F29>G29)=(Resultados!F29>Resultados!G29))*((F29<G29)=(Resultados!F29<Resultados!G29)),1,0))) -> 0
B30: 46192 | C30: 0.875 | D30: J2 | E30: Estados Unidos | F30: 3 | G30: 0 | H30: Australia | J30: =IF(OR(Resultados!F30="",Resultados!G30=""),"",IF(AND(F30=Resultados!F30,G30=Resultados!G30),2,IF(((F30>G30)=(Resultados!F30>Resultados!G30))*((F30<G30)=(Resultados!F30<Resultados!G30)),1,0)))
B31: 46193 | C31: 0.20833333 | D31: J2 | E31: Turquía | F31: 1 | G31: 1 | H31: Paraguay | J31: =IF(OR(Resultados!F31="",Resultados!G31=""),"",IF(AND(F31=Resultados!F31,G31=Resultados!G31),2,IF(((F31>G31)=(Resultados!F31>Resultados!G31))*((F31<G31)=(Resultados!F31<Resultados!G31)),1,0)))
B32: 46199 | C32: 0.16666667 | D32: J3 | E32: Turquía | F32: 0 | G32: 2 | H32: Estados Unidos | J32: =IF(OR(Resultados!F32="",Resultados!G32=""),"",IF(AND(F32=Resultados!F32,G32=Resultados!G32),2,IF(((F32>G32)=(Resultados!F32>Resultados!G32))*((F32<G32)=(Resultados!F32<Resultados!G32)),1,0)))
B33: 46199 | C33: 0.16666667 | D33: J3 | E33: Paraguay | F33: 1 | G33: 0 | H33: Australia | J33: =IF(OR(Resultados!F33="",Resultados!G33=""),"",IF(AND(F33=Resultados!F33,G33=Resultados!G33),2,IF(((F33>G33)=(Resultados!F33>Resultados!G33))*((F33<G33)=(Resultados!F33<Resultados!G33)),1,0)))
B35: Fecha | C35: Hora | D35: Jor. | E35: Casa | F35: Gol | G35: Gol | H35: Fuera
A36: E | B36: 46187 | C36: 0.79166667 | D36: J1 | E36: Alemania | F36: 5 | G36: 0 | H36: Curazao | J36: =IF(OR(Resultados!F36="",Resultados!G36=""),"",IF(AND(F36=Resultados!F36,G36=Resultados!G36),2,IF(((F36>G36)=(Resultados!F36>Resultados!G36))*((F36<G36)=(Resultados!F36<Resultados!G36)),1,0))) -> 1
B37: 46188 | C37: 0.041666667 | D37: J1 | E37: Costa de Marfil | F37: 1 | G37: 1 | H37: Ecuador | J37: =IF(OR(Resultados!F37="",Resultados!G37=""),"",IF(AND(F37=Resultados!F37,G37=Resultados!G37),2,IF(((F37>G37)=(Resultados!F37>Resultados!G37))*((F37<G37)=(Resultados!F37<Resultados!G37)),1,0))) -> 0
B38: 46193 | C38: 0.91666667 | D38: J2 | E38: Alemania | F38: 2 | G38: 1 | H38: Costa de Marfil | J38: =IF(OR(Resultados!F38="",Resultados!G38=""),"",IF(AND(F38=Resultados!F38,G38=Resultados!G38),2,IF(((F38>G38)=(Resultados!F38>Resultados!G38))*((F38<G38)=(Resultados!F38<Resultados!G38)),1,0)))
B39: 46194 | C39: 0.083333333 | D39: J2 | E39: Ecuador | F39: 3 | G39: 0 | H39: Curazao | J39: =IF(OR(Resultados!F39="",Resultados!G39=""),"",IF(AND(F39=Resultados!F39,G39=Resultados!G39),2,IF(((F39>G39)=(Resultados!F39>Resultados!G39))*((F39<G39)=(Resultados!F39<Resultados!G39)),1,0)))
B40: 46198 | C40: 0.91666667 | D40: J3 | E40: Curazao | F40: 0 | G40: 2 | H40: Costa de Marfil | J40: =IF(OR(Resultados!F40="",Resultados!G40=""),"",IF(AND(F40=Resultados!F40,G40=Resultados!G40),2,IF(((F40>G40)=(Resultados!F40>Resultados!G40))*((F40<G40)=(Resultados!F40<Resultados!G40)),1,0)))
B41: 46198 | C41: 0.91666667 | D41: J3 | E41: Ecuador | F41: 1 | G41: 3 | H41: Alemania | J41: =IF(OR(Resultados!F41="",Resultados!G41=""),"",IF(AND(F41=Resultados!F41,G41=Resultados!G41),2,IF(((F41>G41)=(Resultados!F41>Resultados!G41))*((F41<G41)=(Resultados!F41<Resultados!G41)),1,0)))
B43: Fecha | C43: Hora | D43: Jor. | E43: Casa | F43: Gol | G43: Gol | H43: Fuera
A44: F | B44: 46187 | C44: 0.91666667 | D44: J1 | E44: Países Bajos | F44: 1 | G44: 1 | H44: Japón | J44: =IF(OR(Resultados!F44="",Resultados!G44=""),"",IF(AND(F44=Resultados!F44,G44=Resultados!G44),2,IF(((F44>G44)=(Resultados!F44>Resultados!G44))*((F44<G44)=(Resultados!F44<Resultados!G44)),1,0))) -> 1
B45: 46188 | C45: 0.16666667 | D45: J1 | E45: Suecia | F45: 2 | G45: 2 | H45: Túnez | J45: =IF(OR(Resultados!F45="",Resultados!G45=""),"",IF(AND(F45=Resultados!F45,G45=Resultados!G45),2,IF(((F45>G45)=(Resultados!F45>Resultados!G45))*((F45<G45)=(Resultados!F45<Resultados!G45)),1,0))) -> 0
B46: 46193 | C46: 0.79166667 | D46: J2 | E46: Países Bajos | F46: 2 | G46: 2 | H46: Suecia | J46: =IF(OR(Resultados!F46="",Resultados!G46=""),"",IF(AND(F46=Resultados!F46,G46=Resultados!G46),2,IF(((F46>G46)=(Resultados!F46>Resultados!G46))*((F46<G46)=(Resultados!F46<Resultados!G46)),1,0)))
B47: 46194 | C47: 0.25 | D47: J2 | E47: Túnez | F47: 1 | G47: 1 | H47: Japón | J47: =IF(OR(Resultados!F47="",Resultados!G47=""),"",IF(AND(F47=Resultados!F47,G47=Resultados!G47),2,IF(((F47>G47)=(Resultados!F47>Resultados!G47))*((F47<G47)=(Resultados!F47<Resultados!G47)),1,0)))
B48: 46199 | C48: 0.041666667 | D48: J3 | E48: Japón | F48: 1 | G48: 2 | H48: Suecia | J48: =IF(OR(Resultados!F48="",Resultados!G48=""),"",IF(AND(F48=Resultados!F48,G48=Resultados!G48),2,IF(((F48>G48)=(Resultados!F48>Resultados!G48))*((F48<G48)=(Resultados!F48<Resultados!G48)),1,0)))
B49: 46199 | C49: 0.041666667 | D49: J3 | E49: Túnez | F49: 1 | G49: 2 | H49: Países Bajos | J49: =IF(OR(Resultados!F49="",Resultados!G49=""),"",IF(AND(F49=Resultados!F49,G49=Resultados!G49),2,IF(((F49>G49)=(Resultados!F49>Resultados!G49))*((F49<G49)=(Resultados!F49<Resultados!G49)),1,0)))
B51: Fecha | C51: Hora | D51: Jor. | E51: Casa | F51: Gol | G51: Gol | H51: Fuera
A52: G | B52: 46188 | C52: 0.875 | D52: J1 | E52: Bélgica | F52: 2 | G52: 1 | H52: Egipto | J52: =IF(OR(Resultados!F52="",Resultados!G52=""),"",IF(AND(F52=Resultados!F52,G52=Resultados!G52),2,IF(((F52>G52)=(Resultados!F52>Resultados!G52))*((F52<G52)=(Resultados!F52<Resultados!G52)),1,0)))
B53: 46189 | C53: 0.125 | D53: J1 | E53: Irán | F53: 2 | G53: 1 | H53: Nueva Zelanda | J53: =IF(OR(Resultados!F53="",Resultados!G53=""),"",IF(AND(F53=Resultados!F53,G53=Resultados!G53),2,IF(((F53>G53)=(Resultados!F53>Resultados!G53))*((F53<G53)=(Resultados!F53<Resultados!G53)),1,0)))
B54: 46194 | C54: 0.875 | D54: J2 | E54: Bélgica | F54: 2 | G54: 2 | H54: Irán | J54: =IF(OR(Resultados!F54="",Resultados!G54=""),"",IF(AND(F54=Resultados!F54,G54=Resultados!G54),2,IF(((F54>G54)=(Resultados!F54>Resultados!G54))*((F54<G54)=(Resultados!F54<Resultados!G54)),1,0)))
B55: 46195 | C55: 0.125 | D55: J2 | E55: Nueva Zelanda | F55: 0 | G55: 1 | H55: Egipto | J55: =IF(OR(Resultados!F55="",Resultados!G55=""),"",IF(AND(F55=Resultados!F55,G55=Resultados!G55),2,IF(((F55>G55)=(Resultados!F55>Resultados!G55))*((F55<G55)=(Resultados!F55<Resultados!G55)),1,0)))
B56: 46200 | C56: 0.20833333 | D56: J3 | E56: Egipto | F56: 1 | G56: 1 | H56: Irán | J56: =IF(OR(Resultados!F56="",Resultados!G56=""),"",IF(AND(F56=Resultados!F56,G56=Resultados!G56),2,IF(((F56>G56)=(Resultados!F56>Resultados!G56))*((F56<G56)=(Resultados!F56<Resultados!G56)),1,0)))
B57: 46200 | C57: 0.20833333 | D57: J3 | E57: Nueva Zelanda | F57: 1 | G57: 2 | H57: Bélgica | J57: =IF(OR(Resultados!F57="",Resultados!G57=""),"",IF(AND(F57=Resultados!F57,G57=Resultados!G57),2,IF(((F57>G57)=(Resultados!F57>Resultados!G57))*((F57<G57)=(Resultados!F57<Resultados!G57)),1,0)))
B59: Fecha | C59: Hora | D59: Jor. | E59: Casa | F59: Gol | G59: Gol | H59: Fuera
A60: H | B60: 46188 | C60: 0.75 | D60: J1 | E60: España | F60: 3 | G60: 0 | H60: Cabo Verde | J60: =IF(OR(Resultados!F60="",Resultados!G60=""),"",IF(AND(F60=Resultados!F60,G60=Resultados!G60),2,IF(((F60>G60)=(Resultados!F60>Resultados!G60))*((F60<G60)=(Resultados!F60<Resultados!G60)),1,0)))
B61: 46189 | C61: 0 | D61: J1 | E61: Arabia Saudita | F61: 0 | G61: 2 | H61: Uruguay | J61: =IF(OR(Resultados!F61="",Resultados!G61=""),"",IF(AND(F61=Resultados!F61,G61=Resultados!G61),2,IF(((F61>G61)=(Resultados!F61>Resultados!G61))*((F61<G61)=(Resultados!F61<Resultados!G61)),1,0)))
B62: 46194 | C62: 0.75 | D62: J2 | E62: España | F62: 2 | G62: 0 | H62: Arabia Saudita | J62: =IF(OR(Resultados!F62="",Resultados!G62=""),"",IF(AND(F62=Resultados!F62,G62=Resultados!G62),2,IF(((F62>G62)=(Resultados!F62>Resultados!G62))*((F62<G62)=(Resultados!F62<Resultados!G62)),1,0)))
B63: 46195 | C63: 0 | D63: J2 | E63: Uruguay | F63: 3 | G63: 0 | H63: Cabo Verde | J63: =IF(OR(Resultados!F63="",Resultados!G63=""),"",IF(AND(F63=Resultados!F63,G63=Resultados!G63),2,IF(((F63>G63)=(Resultados!F63>Resultados!G63))*((F63<G63)=(Resultados!F63<Resultados!G63)),1,0)))
B64: 46200 | C64: 0.083333333 | D64: J3 | E64: Cabo Verde | F64: 0 | G64: 2 | H64: Arabia Saudita | J64: =IF(OR(Resultados!F64="",Resultados!G64=""),"",IF(AND(F64=Resultados!F64,G64=Resultados!G64),2,IF(((F64>G64)=(Resultados!F64>Resultados!G64))*((F64<G64)=(Resultados!F64<Resultados!G64)),1,0)))
B65: 46200 | C65: 0.083333333 | D65: J3 | E65: Uruguay | F65: 2 | G65: 2 | H65: España | J65: =IF(OR(Resultados!F65="",Resultados!G65=""),"",IF(AND(F65=Resultados!F65,G65=Resultados!G65),2,IF(((F65>G65)=(Resultados!F65>Resultados!G65))*((F65<G65)=(Resultados!F65<Resultados!G65)),1,0)))
B67: Fecha | C67: Hora | D67: Jor. | E67: Casa | F67: Gol | G67: Gol | H67: Fuera
A68: I | B68: 46189 | C68: 0.875 | D68: J1 | E68: Francia | F68: 2 | G68: 1 | H68: Senegal | J68: =IF(OR(Resultados!F68="",Resultados!G68=""),"",IF(AND(F68=Resultados!F68,G68=Resultados!G68),2,IF(((F68>G68)=(Resultados!F68>Resultados!G68))*((F68<G68)=(Resultados!F68<Resultados!G68)),1,0)))
B69: 46190 | C69: 0 | D69: J1 | E69: Irak | F69: 1 | G69: 1 | H69: Noruega | J69: =IF(OR(Resultados!F69="",Resultados!G69=""),"",IF(AND(F69=Resultados!F69,G69=Resultados!G69),2,IF(((F69>G69)=(Resultados!F69>Resultados!G69))*((F69<G69)=(Resultados!F69<Resultados!G69)),1,0)))
B70: 46195 | C70: 0.95833333 | D70: J2 | E70: Francia | F70: 2 | G70: 0 | H70: Irak | J70: =IF(OR(Resultados!F70="",Resultados!G70=""),"",IF(AND(F70=Resultados!F70,G70=Resultados!G70),2,IF(((F70>G70)=(Resultados!F70>Resultados!G70))*((F70<G70)=(Resultados!F70<Resultados!G70)),1,0)))
B71: 46196 | C71: 0.083333333 | D71: J2 | E71: Noruega | F71: 1 | G71: 1 | H71: Senegal | J71: =IF(OR(Resultados!F71="",Resultados!G71=""),"",IF(AND(F71=Resultados!F71,G71=Resultados!G71),2,IF(((F71>G71)=(Resultados!F71>Resultados!G71))*((F71<G71)=(Resultados!F71<Resultados!G71)),1,0)))
B72: 46199 | C72: 0.875 | D72: J3 | E72: Noruega | F72: 0 | G72: 3 | H72: Francia | J72: =IF(OR(Resultados!F72="",Resultados!G72=""),"",IF(AND(F72=Resultados!F72,G72=Resultados!G72),2,IF(((F72>G72)=(Resultados!F72>Resultados!G72))*((F72<G72)=(Resultados!F72<Resultados!G72)),1,0)))
B73: 46199 | C73: 0.875 | D73: J3 | E73: Senegal | F73: 1 | G73: 1 | H73: Irak | J73: =IF(OR(Resultados!F73="",Resultados!G73=""),"",IF(AND(F73=Resultados!F73,G73=Resultados!G73),2,IF(((F73>G73)=(Resultados!F73>Resultados!G73))*((F73<G73)=(Resultados!F73<Resultados!G73)),1,0)))
B75: Fecha | C75: Hora | D75: Jor. | E75: Casa | F75: Gol | G75: Gol | H75: Fuera
A76: J | B76: 46190 | C76: 0.125 | D76: J1 | E76: Argentina | F76: 2 | G76: 0 | H76: Argelia | J76: =IF(OR(Resultados!F76="",Resultados!G76=""),"",IF(AND(F76=Resultados!F76,G76=Resultados!G76),2,IF(((F76>G76)=(Resultados!F76>Resultados!G76))*((F76<G76)=(Resultados!F76<Resultados!G76)),1,0)))
B77: 46190 | C77: 0.25 | D77: J1 | E77: Austria | F77: 1 | G77: 1 | H77: Jordania | J77: =IF(OR(Resultados!F77="",Resultados!G77=""),"",IF(AND(F77=Resultados!F77,G77=Resultados!G77),2,IF(((F77>G77)=(Resultados!F77>Resultados!G77))*((F77<G77)=(Resultados!F77<Resultados!G77)),1,0)))
B78: 46195 | C78: 0.79166667 | D78: J2 | E78: Argentina | F78: 2 | G78: 0 | H78: Austria | J78: =IF(OR(Resultados!F78="",Resultados!G78=""),"",IF(AND(F78=Resultados!F78,G78=Resultados!G78),2,IF(((F78>G78)=(Resultados!F78>Resultados!G78))*((F78<G78)=(Resultados!F78<Resultados!G78)),1,0)))
B79: 46196 | C79: 0.20833333 | D79: J2 | E79: Jordania | F79: 1 | G79: 1 | H79: Argelia | J79: =IF(OR(Resultados!F79="",Resultados!G79=""),"",IF(AND(F79=Resultados!F79,G79=Resultados!G79),2,IF(((F79>G79)=(Resultados!F79>Resultados!G79))*((F79<G79)=(Resultados!F79<Resultados!G79)),1,0)))
B80: 46201 | C80: 0.16666667 | D80: J3 | E80: Argelia | F80: 1 | G80: 2 | H80: Austria | J80: =IF(OR(Resultados!F80="",Resultados!G80=""),"",IF(AND(F80=Resultados!F80,G80=Resultados!G80),2,IF(((F80>G80)=(Resultados!F80>Resultados!G80))*((F80<G80)=(Resultados!F80<Resultados!G80)),1,0)))
B81: 46201 | C81: 0.16666667 | D81: J3 | E81: Jordania | F81: 0 | G81: 3 | H81: Argentina | J81: =IF(OR(Resultados!F81="",Resultados!G81=""),"",IF(AND(F81=Resultados!F81,G81=Resultados!G81),2,IF(((F81>G81)=(Resultados!F81>Resultados!G81))*((F81<G81)=(Resultados!F81<Resultados!G81)),1,0)))
B83: Fecha | C83: Hora | D83: Jor. | E83: Casa | F83: Gol | G83: Gol | H83: Fuera
A84: K | B84: 46190 | C84: 0.79166667 | D84: J1 | E84: Portugal | F84: 2 | G84: 0 | H84: RD Congo | J84: =IF(OR(Resultados!F84="",Resultados!G84=""),"",IF(AND(F84=Resultados!F84,G84=Resultados!G84),2,IF(((F84>G84)=(Resultados!F84>Resultados!G84))*((F84<G84)=(Resultados!F84<Resultados!G84)),1,0)))
B85: 46191 | C85: 0.16666667 | D85: J1 | E85: Uzbekistán | F85: 1 | G85: 2 | H85: Colombia | J85: =IF(OR(Resultados!F85="",Resultados!G85=""),"",IF(AND(F85=Resultados!F85,G85=Resultados!G85),2,IF(((F85>G85)=(Resultados!F85>Resultados!G85))*((F85<G85)=(Resultados!F85<Resultados!G85)),1,0)))
B86: 46196 | C86: 0.79166667 | D86: J2 | E86: Portugal | F86: 2 | G86: 1 | H86: Uzbekistán | J86: =IF(OR(Resultados!F86="",Resultados!G86=""),"",IF(AND(F86=Resultados!F86,G86=Resultados!G86),2,IF(((F86>G86)=(Resultados!F86>Resultados!G86))*((F86<G86)=(Resultados!F86<Resultados!G86)),1,0)))
B87: 46197 | C87: 0.16666667 | D87: J2 | E87: Colombia | F87: 2 | G87: 1 | H87: RD Congo | J87: =IF(OR(Resultados!F87="",Resultados!G87=""),"",IF(AND(F87=Resultados!F87,G87=Resultados!G87),2,IF(((F87>G87)=(Resultados!F87>Resultados!G87))*((F87<G87)=(Resultados!F87<Resultados!G87)),1,0)))
B88: 46201 | C88: 0.0625 | D88: J3 | E88: Colombia | F88: 1 | G88: 1 | H88: Portugal | J88: =IF(OR(Resultados!F88="",Resultados!G88=""),"",IF(AND(F88=Resultados!F88,G88=Resultados!G88),2,IF(((F88>G88)=(Resultados!F88>Resultados!G88))*((F88<G88)=(Resultados!F88<Resultados!G88)),1,0)))
B89: 46201 | C89: 0.0625 | D89: J3 | E89: RD Congo | F89: 1 | G89: 2 | H89: Uzbekistán | J89: =IF(OR(Resultados!F89="",Resultados!G89=""),"",IF(AND(F89=Resultados!F89,G89=Resultados!G89),2,IF(((F89>G89)=(Resultados!F89>Resultados!G89))*((F89<G89)=(Resultados!F89<Resultados!G89)),1,0)))
B91: Fecha | C91: Hora | D91: Jor. | E91: Casa | F91: Gol | G91: Gol | H91: Fuera
A92: L | B92: 46190 | C92: 0.91666667 | D92: J1 | E92: Inglaterra | F92: 1 | G92: 0 | H92: Croacia | J92: =IF(OR(Resultados!F92="",Resultados!G92=""),"",IF(AND(F92=Resultados!F92,G92=Resultados!G92),2,IF(((F92>G92)=(Resultados!F92>Resultados!G92))*((F92<G92)=(Resultados!F92<Resultados!G92)),1,0)))
B93: 46191 | C93: 0.041666667 | D93: J1 | E93: Ghana | F93: 2 | G93: 0 | H93: Panamá | J93: =IF(OR(Resultados!F93="",Resultados!G93=""),"",IF(AND(F93=Resultados!F93,G93=Resultados!G93),2,IF(((F93>G93)=(Resultados!F93>Resultados!G93))*((F93<G93)=(Resultados!F93<Resultados!G93)),1,0)))
B94: 46196 | C94: 0.91666667 | D94: J2 | E94: Inglaterra | F94: 1 | G94: 0 | H94: Ghana | J94: =IF(OR(Resultados!F94="",Resultados!G94=""),"",IF(AND(F94=Resultados!F94,G94=Resultados!G94),2,IF(((F94>G94)=(Resultados!F94>Resultados!G94))*((F94<G94)=(Resultados!F94<Resultados!G94)),1,0)))
B95: 46197 | C95: 0.041666667 | D95: J2 | E95: Panamá | F95: 0 | G95: 2 | H95: Croacia | J95: =IF(OR(Resultados!F95="",Resultados!G95=""),"",IF(AND(F95=Resultados!F95,G95=Resultados!G95),2,IF(((F95>G95)=(Resultados!F95>Resultados!G95))*((F95<G95)=(Resultados!F95<Resultados!G95)),1,0)))
B96: 46200 | C96: 0.95833333 | D96: J3 | E96: Panamá | F96: 0 | G96: 3 | H96: Inglaterra | J96: =IF(OR(Resultados!F96="",Resultados!G96=""),"",IF(AND(F96=Resultados!F96,G96=Resultados!G96),2,IF(((F96>G96)=(Resultados!F96>Resultados!G96))*((F96<G96)=(Resultados!F96<Resultados!G96)),1,0)))
B97: 46200 | C97: 0.95833333 | D97: J3 | E97: Croacia | F97: 2 | G97: 1 | H97: Ghana | J97: =IF(OR(Resultados!F97="",Resultados!G97=""),"",IF(AND(F97=Resultados!F97,G97=Resultados!G97),2,IF(((F97>G97)=(Resultados!F97>Resultados!G97))*((F97<G97)=(Resultados!F97<Resultados!G97)),1,0)))

Sheet Erik
A1: XXIII Mundial USA/MEX/CAN 2026
B3: Fecha | C3: Hora | D3: Jor. | E3: Casa | F3: Gol | G3: Gol | H3: Fuera | J3: Puntos | L3: Total
A4: A | B4: 46184 | C4: 0.875 | D4: J1 | E4: México | F4: 2 | G4: 0 | H4: Sudáfrica | L4: =SUM(J:J) -> 4
B5: 46185 | C5: 0.16666667 | D5: J1 | E5: Corea del Sur | F5: 2 | G5: 1 | H5: República Checa
B6: 46191 | C6: 0.75 | D6: J2 | E6: República Checa | F6: 1 | G6: 1 | H6: Sudáfrica | J6: =IF(OR(Resultados!F6="",Resultados!G6=""),"",IF(AND(F6=Resultados!F6,G6=Resultados!G6),2,IF(((F6>G6)=(Resultados!F6>Resultados!G6))*((F6<G6)=(Resultados!F6<Resultados!G6)),1,0)))
B7: 46192 | C7: 0.125 | D7: J2 | E7: México | F7: 2 | G7: 1 | H7: Corea del Sur | J7: =IF(OR(Resultados!F7="",Resultados!G7=""),"",IF(AND(F7=Resultados!F7,G7=Resultados!G7),2,IF(((F7>G7)=(Resultados!F7>Resultados!G7))*((F7<G7)=(Resultados!F7<Resultados!G7)),1,0)))
B8: 46198 | C8: 0.125 | D8: J3 | E8: República Checa | F8: 1 | G8: 1 | H8: México | J8: =IF(OR(Resultados!F8="",Resultados!G8=""),"",IF(AND(F8=Resultados!F8,G8=Resultados!G8),2,IF(((F8>G8)=(Resultados!F8>Resultados!G8))*((F8<G8)=(Resultados!F8<Resultados!G8)),1,0)))
B9: 46198 | C9: 0.125 | D9: J3 | E9: Sudáfrica | F9: 1 | G9: 2 | H9: Corea del Sur | J9: =IF(OR(Resultados!F9="",Resultados!G9=""),"",IF(AND(F9=Resultados!F9,G9=Resultados!G9),2,IF(((F9>G9)=(Resultados!F9>Resultados!G9))*((F9<G9)=(Resultados!F9<Resultados!G9)),1,0)))
B11: Fecha | C11: Hora | D11: Jor. | E11: Casa | F11: Gol | G11: Gol | H11: Fuera
A12: B | B12: 46185 | C12: 0.875 | D12: J1 | E12: Canadá | F12: 1 | G12: 1 | H12: Bosnia y Herzegovina
B13: 46186 | C13: 0.875 | D13: J1 | E13: Catar | F13: 1 | G13: 1 | H13: Suiza
B14: 46191 | C14: 0.875 | D14: J2 | E14: Suiza | F14: 2 | G14: 0 | H14: Bosnia y Herzegovina | J14: =IF(OR(Resultados!F14="",Resultados!G14=""),"",IF(AND(F14=Resultados!F14,G14=Resultados!G14),2,IF(((F14>G14)=(Resultados!F14>Resultados!G14))*((F14<G14)=(Resultados!F14<Resultados!G14)),1,0)))
B15: 46192 | C15: 0 | D15: J2 | E15: Canadá | F15: 1 | G15: 0 | H15: Catar | J15: =IF(OR(Resultados!F15="",Resultados!G15=""),"",IF(AND(F15=Resultados!F15,G15=Resultados!G15),2,IF(((F15>G15)=(Resultados!F15>Resultados!G15))*((F15<G15)=(Resultados!F15<Resultados!G15)),1,0)))
B16: 46197 | C16: 0.875 | D16: J3 | E16: Suiza | F16: 2 | G16: 1 | H16: Canadá | J16: =IF(OR(Resultados!F16="",Resultados!G16=""),"",IF(AND(F16=Resultados!F16,G16=Resultados!G16),2,IF(((F16>G16)=(Resultados!F16>Resultados!G16))*((F16<G16)=(Resultados!F16<Resultados!G16)),1,0)))
B17: 46197 | C17: 0.875 | D17: J3 | E17: Bosnia y Herzegovina | F17: 0 | G17: 0 | H17: Catar | J17: =IF(OR(Resultados!F17="",Resultados!G17=""),"",IF(AND(F17=Resultados!F17,G17=Resultados!G17),2,IF(((F17>G17)=(Resultados!F17>Resultados!G17))*((F17<G17)=(Resultados!F17<Resultados!G17)),1,0)))
B19: Fecha | C19: Hora | D19: Jor. | E19: Casa | F19: Gol | G19: Gol | H19: Fuera
A20: C | B20: 46187 | C20: 0 | D20: J1 | E20: Brasil | F20: 1 | G20: 1 | H20: Marruecos
B21: 46187 | C21: 0.125 | D21: J1 | E21: Haití | F21: 0 | G21: 2 | H21: Escocia | J21: =IF(OR(Resultados!F21="",Resultados!G21=""),"",IF(AND(F21=Resultados!F21,G21=Resultados!G21),2,IF(((F21>G21)=(Resultados!F21>Resultados!G21))*((F21<G21)=(Resultados!F21<Resultados!G21)),1,0))) -> 1
B22: 46193 | C22: 0 | D22: J2 | E22: Escocia | F22: 0 | G22: 2 | H22: Marruecos | J22: =IF(OR(Resultados!F22="",Resultados!G22=""),"",IF(AND(F22=Resultados!F22,G22=Resultados!G22),2,IF(((F22>G22)=(Resultados!F22>Resultados!G22))*((F22<G22)=(Resultados!F22<Resultados!G22)),1,0)))
B23: 46193 | C23: 0.10416667 | D23: J2 | E23: Brasil | F23: 2 | G23: 0 | H23: Haití | J23: =IF(OR(Resultados!F23="",Resultados!G23=""),"",IF(AND(F23=Resultados!F23,G23=Resultados!G23),2,IF(((F23>G23)=(Resultados!F23>Resultados!G23))*((F23<G23)=(Resultados!F23<Resultados!G23)),1,0)))
B24: 46198 | C24: 0 | D24: J3 | E24: Escocia | F24: 1 | G24: 3 | H24: Brasil | J24: =IF(OR(Resultados!F24="",Resultados!G24=""),"",IF(AND(F24=Resultados!F24,G24=Resultados!G24),2,IF(((F24>G24)=(Resultados!F24>Resultados!G24))*((F24<G24)=(Resultados!F24<Resultados!G24)),1,0)))
B25: 46198 | C25: 0 | D25: J3 | E25: Marruecos | F25: 3 | G25: 0 | H25: Haití | J25: =IF(OR(Resultados!F25="",Resultados!G25=""),"",IF(AND(F25=Resultados!F25,G25=Resultados!G25),2,IF(((F25>G25)=(Resultados!F25>Resultados!G25))*((F25<G25)=(Resultados!F25<Resultados!G25)),1,0)))
B27: Fecha | C27: Hora | D27: Jor. | E27: Casa | F27: Gol | G27: Gol | H27: Fuera
A28: D | B28: 46186 | C28: 0.125 | D28: J1 | E28: Estados Unidos | F28: 4 | G28: 1 | H28: Paraguay
B29: 46187 | C29: 0.25 | D29: J1 | E29: Australia | F29: 3 | G29: 1 | H29: Turquía | J29: =IF(OR(Resultados!F29="",Resultados!G29=""),"",IF(AND(F29=Resultados!F29,G29=Resultados!G29),2,IF(((F29>G29)=(Resultados!F29>Resultados!G29))*((F29<G29)=(Resultados!F29<Resultados!G29)),1,0))) -> 1
B30: 46192 | C30: 0.875 | D30: J2 | E30: Estados Unidos | F30: 3 | G30: 1 | H30: Australia | J30: =IF(OR(Resultados!F30="",Resultados!G30=""),"",IF(AND(F30=Resultados!F30,G30=Resultados!G30),2,IF(((F30>G30)=(Resultados!F30>Resultados!G30))*((F30<G30)=(Resultados!F30<Resultados!G30)),1,0)))
B31: 46193 | C31: 0.20833333 | D31: J2 | E31: Turquía | F31: 1 | G31: 2 | H31: Paraguay | J31: =IF(OR(Resultados!F31="",Resultados!G31=""),"",IF(AND(F31=Resultados!F31,G31=Resultados!G31),2,IF(((F31>G31)=(Resultados!F31>Resultados!G31))*((F31<G31)=(Resultados!F31<Resultados!G31)),1,0)))
B32: 46199 | C32: 0.16666667 | D32: J3 | E32: Turquía | F32: 1 | G32: 1 | H32: Estados Unidos | J32: =IF(OR(Resultados!F32="",Resultados!G32=""),"",IF(AND(F32=Resultados!F32,G32=Resultados!G32),2,IF(((F32>G32)=(Resultados!F32>Resultados!G32))*((F32<G32)=(Resultados!F32<Resultados!G32)),1,0)))
B33: 46199 | C33: 0.16666667 | D33: J3 | E33: Paraguay | F33: 1 | G33: 0 | H33: Australia | J33: =IF(OR(Resultados!F33="",Resultados!G33=""),"",IF(AND(F33=Resultados!F33,G33=Resultados!G33),2,IF(((F33>G33)=(Resultados!F33>Resultados!G33))*((F33<G33)=(Resultados!F33<Resultados!G33)),1,0)))
B35: Fecha | C35: Hora | D35: Jor. | E35: Casa | F35: Gol | G35: Gol | H35: Fuera
A36: E | B36: 46187 | C36: 0.79166667 | D36: J1 | E36: Alemania | F36: 3 | G36: 0 | H36: Curazao | J36: =IF(OR(Resultados!F36="",Resultados!G36=""),"",IF(AND(F36=Resultados!F36,G36=Resultados!G36),2,IF(((F36>G36)=(Resultados!F36>Resultados!G36))*((F36<G36)=(Resultados!F36<Resultados!G36)),1,0))) -> 1
B37: 46188 | C37: 0.041666667 | D37: J1 | E37: Costa de Marfil | F37: 0 | G37: 2 | H37: Ecuador | J37: =IF(OR(Resultados!F37="",Resultados!G37=""),"",IF(AND(F37=Resultados!F37,G37=Resultados!G37),2,IF(((F37>G37)=(Resultados!F37>Resultados!G37))*((F37<G37)=(Resultados!F37<Resultados!G37)),1,0))) -> 0
B38: 46193 | C38: 0.91666667 | D38: J2 | E38: Alemania | F38: 2 | G38: 0 | H38: Costa de Marfil | J38: =IF(OR(Resultados!F38="",Resultados!G38=""),"",IF(AND(F38=Resultados!F38,G38=Resultados!G38),2,IF(((F38>G38)=(Resultados!F38>Resultados!G38))*((F38<G38)=(Resultados!F38<Resultados!G38)),1,0)))
B39: 46194 | C39: 0.083333333 | D39: J2 | E39: Ecuador | F39: 3 | G39: 0 | H39: Curazao | J39: =IF(OR(Resultados!F39="",Resultados!G39=""),"",IF(AND(F39=Resultados!F39,G39=Resultados!G39),2,IF(((F39>G39)=(Resultados!F39>Resultados!G39))*((F39<G39)=(Resultados!F39<Resultados!G39)),1,0)))
B40: 46198 | C40: 0.91666667 | D40: J3 | E40: Curazao | F40: 1 | G40: 1 | H40: Costa de Marfil | J40: =IF(OR(Resultados!F40="",Resultados!G40=""),"",IF(AND(F40=Resultados!F40,G40=Resultados!G40),2,IF(((F40>G40)=(Resultados!F40>Resultados!G40))*((F40<G40)=(Resultados!F40<Resultados!G40)),1,0)))
B41: 46198 | C41: 0.91666667 | D41: J3 | E41: Ecuador | F41: 1 | G41: 2 | H41: Alemania | J41: =IF(OR(Resultados!F41="",Resultados!G41=""),"",IF(AND(F41=Resultados!F41,G41=Resultados!G41),2,IF(((F41>G41)=(Resultados!F41>Resultados!G41))*((F41<G41)=(Resultados!F41<Resultados!G41)),1,0)))
B43: Fecha | C43: Hora | D43: Jor. | E43: Casa | F43: Gol | G43: Gol | H43: Fuera
A44: F | B44: 46187 | C44: 0.91666667 | D44: J1 | E44: Países Bajos | F44: 0 | G44: 1 | H44: Japón | J44: =IF(OR(Resultados!F44="",Resultados!G44=""),"",IF(AND(F44=Resultados!F44,G44=Resultados!G44),2,IF(((F44>G44)=(Resultados!F44>Resultados!G44))*((F44<G44)=(Resultados!F44<Resultados!G44)),1,0))) -> 0
B45: 46188 | C45: 0.16666667 | D45: J1 | E45: Suecia | F45: 2 | G45: 0 | H45: Túnez | J45: =IF(OR(Resultados!F45="",Resultados!G45=""),"",IF(AND(F45=Resultados!F45,G45=Resultados!G45),2,IF(((F45>G45)=(Resultados!F45>Resultados!G45))*((F45<G45)=(Resultados!F45<Resultados!G45)),1,0))) -> 1
B46: 46193 | C46: 0.79166667 | D46: J2 | E46: Países Bajos | F46: 2 | G46: 1 | H46: Suecia | J46: =IF(OR(Resultados!F46="",Resultados!G46=""),"",IF(AND(F46=Resultados!F46,G46=Resultados!G46),2,IF(((F46>G46)=(Resultados!F46>Resultados!G46))*((F46<G46)=(Resultados!F46<Resultados!G46)),1,0)))
B47: 46194 | C47: 0.25 | D47: J2 | E47: Túnez | F47: 0 | G47: 2 | H47: Japón | J47: =IF(OR(Resultados!F47="",Resultados!G47=""),"",IF(AND(F47=Resultados!F47,G47=Resultados!G47),2,IF(((F47>G47)=(Resultados!F47>Resultados!G47))*((F47<G47)=(Resultados!F47<Resultados!G47)),1,0)))
B48: 46199 | C48: 0.041666667 | D48: J3 | E48: Japón | F48: 2 | G48: 1 | H48: Suecia | J48: =IF(OR(Resultados!F48="",Resultados!G48=""),"",IF(AND(F48=Resultados!F48,G48=Resultados!G48),2,IF(((F48>G48)=(Resultados!F48>Resultados!G48))*((F48<G48)=(Resultados!F48<Resultados!G48)),1,0)))
B49: 46199 | C49: 0.041666667 | D49: J3 | E49: Túnez | F49: 0 | G49: 2 | H49: Países Bajos | J49: =IF(OR(Resultados!F49="",Resultados!G49=""),"",IF(AND(F49=Resultados!F49,G49=Resultados!G49),2,IF(((F49>G49)=(Resultados!F49>Resultados!G49))*((F49<G49)=(Resultados!F49<Resultados!G49)),1,0)))
B51: Fecha | C51: Hora | D51: Jor. | E51: Casa | F51: Gol | G51: Gol | H51: Fuera
A52: G | B52: 46188 | C52: 0.875 | D52: J1 | E52: Bélgica | F52: 1 | G52: 1 | H52: Egipto | J52: =IF(OR(Resultados!F52="",Resultados!G52=""),"",IF(AND(F52=Resultados!F52,G52=Resultados!G52),2,IF(((F52>G52)=(Resultados!F52>Resultados!G52))*((F52<G52)=(Resultados!F52<Resultados!G52)),1,0)))
B53: 46189 | C53: 0.125 | D53: J1 | E53: Irán | F53: 0 | G53: 2 | H53: Nueva Zelanda | J53: =IF(OR(Resultados!F53="",Resultados!G53=""),"",IF(AND(F53=Resultados!F53,G53=Resultados!G53),2,IF(((F53>G53)=(Resultados!F53>Resultados!G53))*((F53<G53)=(Resultados!F53<Resultados!G53)),1,0)))
B54: 46194 | C54: 0.875 | D54: J2 | E54: Bélgica | F54: 1 | G54: 0 | H54: Irán | J54: =IF(OR(Resultados!F54="",Resultados!G54=""),"",IF(AND(F54=Resultados!F54,G54=Resultados!G54),2,IF(((F54>G54)=(Resultados!F54>Resultados!G54))*((F54<G54)=(Resultados!F54<Resultados!G54)),1,0)))
B55: 46195 | C55: 0.125 | D55: J2 | E55: Nueva Zelanda | F55: 0 | G55: 1 | H55: Egipto | J55: =IF(OR(Resultados!F55="",Resultados!G55=""),"",IF(AND(F55=Resultados!F55,G55=Resultados!G55),2,IF(((F55>G55)=(Resultados!F55>Resultados!G55))*((F55<G55)=(Resultados!F55<Resultados!G55)),1,0)))
B56: 46200 | C56: 0.20833333 | D56: J3 | E56: Egipto | F56: 1 | G56: 1 | H56: Irán | J56: =IF(OR(Resultados!F56="",Resultados!G56=""),"",IF(AND(F56=Resultados!F56,G56=Resultados!G56),2,IF(((F56>G56)=(Resultados!F56>Resultados!G56))*((F56<G56)=(Resultados!F56<Resultados!G56)),1,0)))
B57: 46200 | C57: 0.20833333 | D57: J3 | E57: Nueva Zelanda | F57: 1 | G57: 2 | H57: Bélgica | J57: =IF(OR(Resultados!F57="",Resultados!G57=""),"",IF(AND(F57=Resultados!F57,G57=Resultados!G57),2,IF(((F57>G57)=(Resultados!F57>Resultados!G57))*((F57<G57)=(Resultados!F57<Resultados!G57)),1,0)))
B59: Fecha | C59: Hora | D59: Jor. | E59: Casa | F59: Gol | G59: Gol | H59: Fuera
A60: H | B60: 46188 | C60: 0.75 | D60: J1 | E60: España | F60: 3 | G60: 1 | H60: Cabo Verde | J60: =IF(OR(Resultados!F60="",Resultados!G60=""),"",IF(AND(F60=Resultados!F60,G60=Resultados!G60),2,IF(((F60>G60)=(Resultados!F60>Resultados!G60))*((F60<G60)=(Resultados!F60<Resultados!G60)),1,0)))
B61: 46189 | C61: 0 | D61: J1 | E61: Arabia Saudita | F61: 0 | G61: 2 | H61: Uruguay | J61: =IF(OR(Resultados!F61="",Resultados!G61=""),"",IF(AND(F61=Resultados!F61,G61=Resultados!G61),2,IF(((F61>G61)=(Resultados!F61>Resultados!G61))*((F61<G61)=(Resultados!F61<Resultados!G61)),1,0)))
B62: 46194 | C62: 0.75 | D62: J2 | E62: España | F62: 2 | G62: 0 | H62: Arabia Saudita | J62: =IF(OR(Resultados!F62="",Resultados!G62=""),"",IF(AND(F62=Resultados!F62,G62=Resultados!G62),2,IF(((F62>G62)=(Resultados!F62>Resultados!G62))*((F62<G62)=(Resultados!F62<Resultados!G62)),1,0)))
B63: 46195 | C63: 0 | D63: J2 | E63: Uruguay | F63: 3 | G63: 0 | H63: Cabo Verde | J63: =IF(OR(Resultados!F63="",Resultados!G63=""),"",IF(AND(F63=Resultados!F63,G63=Resultados!G63),2,IF(((F63>G63)=(Resultados!F63>Resultados!G63))*((F63<G63)=(Resultados!F63<Resultados!G63)),1,0)))
B64: 46200 | C64: 0.083333333 | D64: J3 | E64: Cabo Verde | F64: 1 | G64: 2 | H64: Arabia Saudita | J64: =IF(OR(Resultados!F64="",Resultados!G64=""),"",IF(AND(F64=Resultados!F64,G64=Resultados!G64),2,IF(((F64>G64)=(Resultados!F64>Resultados!G64))*((F64<G64)=(Resultados!F64<Resultados!G64)),1,0)))
B65: 46200 | C65: 0.083333333 | D65: J3 | E65: Uruguay | F65: 2 | G65: 3 | H65: España | J65: =IF(OR(Resultados!F65="",Resultados!G65=""),"",IF(AND(F65=Resultados!F65,G65=Resultados!G65),2,IF(((F65>G65)=(Resultados!F65>Resultados!G65))*((F65<G65)=(Resultados!F65<Resultados!G65)),1,0)))
B67: Fecha | C67: Hora | D67: Jor. | E67: Casa | F67: Gol | G67: Gol | H67: Fuera
A68: I | B68: 46189 | C68: 0.875 | D68: J1 | E68: Francia | F68: 3 | G68: 2 | H68: Senegal | J68: =IF(OR(Resultados!F68="",Resultados!G68=""),"",IF(AND(F68=Resultados!F68,G68=Resultados!G68),2,IF(((F68>G68)=(Resultados!F68>Resultados!G68))*((F68<G68)=(Resultados!F68<Resultados!G68)),1,0)))
B69: 46190 | C69: 0 | D69: J1 | E69: Irak | F69: 1 | G69: 2 | H69: Noruega | J69: =IF(OR(Resultados!F69="",Resultados!G69=""),"",IF(AND(F69=Resultados!F69,G69=Resultados!G69),2,IF(((F69>G69)=(Resultados!F69>Resultados!G69))*((F69<G69)=(Resultados!F69<Resultados!G69)),1,0)))
B70: 46195 | C70: 0.95833333 | D70: J2 | E70: Francia | F70: 1 | G70: 0 | H70: Irak | J70: =IF(OR(Resultados!F70="",Resultados!G70=""),"",IF(AND(F70=Resultados!F70,G70=Resultados!G70),2,IF(((F70>G70)=(Resultados!F70>Resultados!G70))*((F70<G70)=(Resultados!F70<Resultados!G70)),1,0)))
B71: 46196 | C71: 0.083333333 | D71: J2 | E71: Noruega | F71: 2 | G71: 2 | H71: Senegal | J71: =IF(OR(Resultados!F71="",Resultados!G71=""),"",IF(AND(F71=Resultados!F71,G71=Resultados!G71),2,IF(((F71>G71)=(Resultados!F71>Resultados!G71))*((F71<G71)=(Resultados!F71<Resultados!G71)),1,0)))
B72: 46199 | C72: 0.875 | D72: J3 | E72: Noruega | F72: 1 | G72: 3 | H72: Francia | J72: =IF(OR(Resultados!F72="",Resultados!G72=""),"",IF(AND(F72=Resultados!F72,G72=Resultados!G72),2,IF(((F72>G72)=(Resultados!F72>Resultados!G72))*((F72<G72)=(Resultados!F72<Resultados!G72)),1,0)))
B73: 46199 | C73: 0.875 | D73: J3 | E73: Senegal | F73: 1 | G73: 0 | H73: Irak | J73: =IF(OR(Resultados!F73="",Resultados!G73=""),"",IF(AND(F73=Resultados!F73,G73=Resultados!G73),2,IF(((F73>G73)=(Resultados!F73>Resultados!G73))*((F73<G73)=(Resultados!F73<Resultados!G73)),1,0)))
B75: Fecha | C75: Hora | D75: Jor. | E75: Casa | F75: Gol | G75: Gol | H75: Fuera
A76: J | B76: 46190 | C76: 0.125 | D76: J1 | E76: Argentina | F76: 2 | G76: 1 | H76: Argelia | J76: =IF(OR(Resultados!F76="",Resultados!G76=""),"",IF(AND(F76=Resultados!F76,G76=Resultados!G76),2,IF(((F76>G76)=(Resultados!F76>Resultados!G76))*((F76<G76)=(Resultados!F76<Resultados!G76)),1,0)))
B77: 46190 | C77: 0.25 | D77: J1 | E77: Austria | F77: 1 | G77: 0 | H77: Jordania | J77: =IF(OR(Resultados!F77="",Resultados!G77=""),"",IF(AND(F77=Resultados!F77,G77=Resultados!G77),2,IF(((F77>G77)=(Resultados!F77>Resultados!G77))*((F77<G77)=(Resultados!F77<Resultados!G77)),1,0)))
B78: 46195 | C78: 0.79166667 | D78: J2 | E78: Argentina | F78: 2 | G78: 1 | H78: Austria | J78: =IF(OR(Resultados!F78="",Resultados!G78=""),"",IF(AND(F78=Resultados!F78,G78=Resultados!G78),2,IF(((F78>G78)=(Resultados!F78>Resultados!G78))*((F78<G78)=(Resultados!F78<Resultados!G78)),1,0)))
B79: 46196 | C79: 0.20833333 | D79: J2 | E79: Jordania | F79: 1 | G79: 1 | H79: Argelia | J79: =IF(OR(Resultados!F79="",Resultados!G79=""),"",IF(AND(F79=Resultados!F79,G79=Resultados!G79),2,IF(((F79>G79)=(Resultados!F79>Resultados!G79))*((F79<G79)=(Resultados!F79<Resultados!G79)),1,0)))
B80: 46201 | C80: 0.16666667 | D80: J3 | E80: Argelia | F80: 0 | G80: 2 | H80: Austria | J80: =IF(OR(Resultados!F80="",Resultados!G80=""),"",IF(AND(F80=Resultados!F80,G80=Resultados!G80),2,IF(((F80>G80)=(Resultados!F80>Resultados!G80))*((F80<G80)=(Resultados!F80<Resultados!G80)),1,0)))
B81: 46201 | C81: 0.16666667 | D81: J3 | E81: Jordania | F81: 0 | G81: 3 | H81: Argentina | J81: =IF(OR(Resultados!F81="",Resultados!G81=""),"",IF(AND(F81=Resultados!F81,G81=Resultados!G81),2,IF(((F81>G81)=(Resultados!F81>Resultados!G81))*((F81<G81)=(Resultados!F81<Resultados!G81)),1,0)))
B83: Fecha | C83: Hora | D83: Jor. | E83: Casa | F83: Gol | G83: Gol | H83: Fuera
A84: K | B84: 46190 | C84: 0.79166667 | D84: J1 | E84: Portugal | F84: 2 | G84: 0 | H84: RD Congo | J84: =IF(OR(Resultados!F84="",Resultados!G84=""),"",IF(AND(F84=Resultados!F84,G84=Resultados!G84),2,IF(((F84>G84)=(Resultados!F84>Resultados!G84))*((F84<G84)=(Resultados!F84<Resultados!G84)),1,0)))
B85: 46191 | C85: 0.16666667 | D85: J1 | E85: Uzbekistán | F85: 1 | G85: 3 | H85: Colombia | J85: =IF(OR(Resultados!F85="",Resultados!G85=""),"",IF(AND(F85=Resultados!F85,G85=Resultados!G85),2,IF(((F85>G85)=(Resultados!F85>Resultados!G85))*((F85<G85)=(Resultados!F85<Resultados!G85)),1,0)))
B86: 46196 | C86: 0.79166667 | D86: J2 | E86: Portugal | F86: 2 | G86: 0 | H86: Uzbekistán | J86: =IF(OR(Resultados!F86="",Resultados!G86=""),"",IF(AND(F86=Resultados!F86,G86=Resultados!G86),2,IF(((F86>G86)=(Resultados!F86>Resultados!G86))*((F86<G86)=(Resultados!F86<Resultados!G86)),1,0)))
B87: 46197 | C87: 0.16666667 | D87: J2 | E87: Colombia | F87: 3 | G87: 2 | H87: RD Congo | J87: =IF(OR(Resultados!F87="",Resultados!G87=""),"",IF(AND(F87=Resultados!F87,G87=Resultados!G87),2,IF(((F87>G87)=(Resultados!F87>Resultados!G87))*((F87<G87)=(Resultados!F87<Resultados!G87)),1,0)))
B88: 46201 | C88: 0.0625 | D88: J3 | E88: Colombia | F88: 2 | G88: 2 | H88: Portugal | J88: =IF(OR(Resultados!F88="",Resultados!G88=""),"",IF(AND(F88=Resultados!F88,G88=Resultados!G88),2,IF(((F88>G88)=(Resultados!F88>Resultados!G88))*((F88<G88)=(Resultados!F88<Resultados!G88)),1,0)))
B89: 46201 | C89: 0.0625 | D89: J3 | E89: RD Congo | F89: 0 | G89: 0 | H89: Uzbekistán | J89: =IF(OR(Resultados!F89="",Resultados!G89=""),"",IF(AND(F89=Resultados!F89,G89=Resultados!G89),2,IF(((F89>G89)=(Resultados!F89>Resultados!G89))*((F89<G89)=(Resultados!F89<Resultados!G89)),1,0)))
B91: Fecha | C91: Hora | D91: Jor. | E91: Casa | F91: Gol | G91: Gol | H91: Fuera
A92: L | B92: 46190 | C92: 0.91666667 | D92: J1 | E92: Inglaterra | F92: 2 | G92: 1 | H92: Croacia | J92: =IF(OR(Resultados!F92="",Resultados!G92=""),"",IF(AND(F92=Resultados!F92,G92=Resultados!G92),2,IF(((F92>G92)=(Resultados!F92>Resultados!G92))*((F92<G92)=(Resultados!F92<Resultados!G92)),1,0)))
B93: 46191 | C93: 0.041666667 | D93: J1 | E93: Ghana | F93: 0 | G93: 1 | H93: Panamá | J93: =IF(OR(Resultados!F93="",Resultados!G93=""),"",IF(AND(F93=Resultados!F93,G93=Resultados!G93),2,IF(((F93>G93)=(Resultados!F93>Resultados!G93))*((F93<G93)=(Resultados!F93<Resultados!G93)),1,0)))
B94: 46196 | C94: 0.91666667 | D94: J2 | E94: Inglaterra | F94: 3 | G94: 1 | H94: Ghana | J94: =IF(OR(Resultados!F94="",Resultados!G94=""),"",IF(AND(F94=Resultados!F94,G94=Resultados!G94),2,IF(((F94>G94)=(Resultados!F94>Resultados!G94))*((F94<G94)=(Resultados!F94<Resultados!G94)),1,0)))
B95: 46197 | C95: 0.041666667 | D95: J2 | E95: Panamá | F95: 1 | G95: 2 | H95: Croacia | J95: =IF(OR(Resultados!F95="",Resultados!G95=""),"",IF(AND(F95=Resultados!F95,G95=Resultados!G95),2,IF(((F95>G95)=(Resultados!F95>Resultados!G95))*((F95<G95)=(Resultados!F95<Resultados!G95)),1,0)))
B96: 46200 | C96: 0.95833333 | D96: J3 | E96: Panamá | F96: 1 | G96: 1 | H96: Inglaterra | J96: =IF(OR(Resultados!F96="",Resultados!G96=""),"",IF(AND(F96=Resultados!F96,G96=Resultados!G96),2,IF(((F96>G96)=(Resultados!F96>Resultados!G96))*((F96<G96)=(Resultados!F96<Resultados!G96)),1,0)))
B97: 46200 | C97: 0.95833333 | D97: J3 | E97: Croacia | F97: 2 | G97: 0 | H97: Ghana | J97: =IF(OR(Resultados!F97="",Resultados!G97=""),"",IF(AND(F97=Resultados!F97,G97=Resultados!G97),2,IF(((F97>G97)=(Resultados!F97>Resultados!G97))*((F97<G97)=(Resultados!F97<Resultados!G97)),1,0)))

Sheet Lennon
A1: XXIII Mundial USA/MEX/CAN 2026
B3: Fecha | C3: Hora | D3: Jor. | E3: Casa | F3: Gol | G3: Gol | H3: Fuera | J3: Puntos | L3: Total
A4: A | B4: 46184 | C4: 0.875 | D4: J1 | E4: México | F4: 2 | G4: 0 | H4: Sudáfrica | L4: =SUM(J:J) -> 6
B5: 46185 | C5: 0.16666667 | D5: J1 | E5: Corea del Sur | F5: 2 | G5: 1 | H5: República Checa
B6: 46191 | C6: 0.75 | D6: J2 | E6: República Checa | F6: 2 | G6: 0 | H6: Sudáfrica | J6: =IF(OR(Resultados!F6="",Resultados!G6=""),"",IF(AND(F6=Resultados!F6,G6=Resultados!G6),2,IF(((F6>G6)=(Resultados!F6>Resultados!G6))*((F6<G6)=(Resultados!F6<Resultados!G6)),1,0)))
B7: 46192 | C7: 0.125 | D7: J2 | E7: México | F7: 2 | G7: 2 | H7: Corea del Sur | J7: =IF(OR(Resultados!F7="",Resultados!G7=""),"",IF(AND(F7=Resultados!F7,G7=Resultados!G7),2,IF(((F7>G7)=(Resultados!F7>Resultados!G7))*((F7<G7)=(Resultados!F7<Resultados!G7)),1,0)))
B8: 46198 | C8: 0.125 | D8: J3 | E8: República Checa | F8: 1 | G8: 2 | H8: México | J8: =IF(OR(Resultados!F8="",Resultados!G8=""),"",IF(AND(F8=Resultados!F8,G8=Resultados!G8),2,IF(((F8>G8)=(Resultados!F8>Resultados!G8))*((F8<G8)=(Resultados!F8<Resultados!G8)),1,0)))
B9: 46198 | C9: 0.125 | D9: J3 | E9: Sudáfrica | F9: 0 | G9: 3 | H9: Corea del Sur | J9: =IF(OR(Resultados!F9="",Resultados!G9=""),"",IF(AND(F9=Resultados!F9,G9=Resultados!G9),2,IF(((F9>G9)=(Resultados!F9>Resultados!G9))*((F9<G9)=(Resultados!F9<Resultados!G9)),1,0)))
B11: Fecha | C11: Hora | D11: Jor. | E11: Casa | F11: Gol | G11: Gol | H11: Fuera
A12: B | B12: 46185 | C12: 0.875 | D12: J1 | E12: Canadá | F12: 1 | G12: 1 | H12: Bosnia y Herzegovina
B13: 46186 | C13: 0.875 | D13: J1 | E13: Catar | F13: 1 | G13: 1 | H13: Suiza
B14: 46191 | C14: 0.875 | D14: J2 | E14: Suiza | F14: 0 | G14: 0 | H14: Bosnia y Herzegovina | J14: =IF(OR(Resultados!F14="",Resultados!G14=""),"",IF(AND(F14=Resultados!F14,G14=Resultados!G14),2,IF(((F14>G14)=(Resultados!F14>Resultados!G14))*((F14<G14)=(Resultados!F14<Resultados!G14)),1,0)))
B15: 46192 | C15: 0 | D15: J2 | E15: Canadá | F15: 1 | G15: 1 | H15: Catar | J15: =IF(OR(Resultados!F15="",Resultados!G15=""),"",IF(AND(F15=Resultados!F15,G15=Resultados!G15),2,IF(((F15>G15)=(Resultados!F15>Resultados!G15))*((F15<G15)=(Resultados!F15<Resultados!G15)),1,0)))
B16: 46197 | C16: 0.875 | D16: J3 | E16: Suiza | F16: 2 | G16: 2 | H16: Canadá | J16: =IF(OR(Resultados!F16="",Resultados!G16=""),"",IF(AND(F16=Resultados!F16,G16=Resultados!G16),2,IF(((F16>G16)=(Resultados!F16>Resultados!G16))*((F16<G16)=(Resultados!F16<Resultados!G16)),1,0)))
B17: 46197 | C17: 0.875 | D17: J3 | E17: Bosnia y Herzegovina | F17: 1 | G17: 1 | H17: Catar | J17: =IF(OR(Resultados!F17="",Resultados!G17=""),"",IF(AND(F17=Resultados!F17,G17=Resultados!G17),2,IF(((F17>G17)=(Resultados!F17>Resultados!G17))*((F17<G17)=(Resultados!F17<Resultados!G17)),1,0)))
B19: Fecha | C19: Hora | D19: Jor. | E19: Casa | F19: Gol | G19: Gol | H19: Fuera
A20: C | B20: 46187 | C20: 0 | D20: J1 | E20: Brasil | F20: 1 | G20: 1 | H20: Marruecos
B21: 46187 | C21: 0.125 | D21: J1 | E21: Haití | F21: 0 | G21: 1 | H21: Escocia | J21: =IF(OR(Resultados!F21="",Resultados!G21=""),"",IF(AND(F21=Resultados!F21,G21=Resultados!G21),2,IF(((F21>G21)=(Resultados!F21>Resultados!G21))*((F21<G21)=(Resultados!F21<Resultados!G21)),1,0))) -> 2
B22: 46193 | C22: 0 | D22: J2 | E22: Escocia | F22: 0 | G22: 2 | H22: Marruecos | J22: =IF(OR(Resultados!F22="",Resultados!G22=""),"",IF(AND(F22=Resultados!F22,G22=Resultados!G22),2,IF(((F22>G22)=(Resultados!F22>Resultados!G22))*((F22<G22)=(Resultados!F22<Resultados!G22)),1,0)))
B23: 46193 | C23: 0.10416667 | D23: J2 | E23: Brasil | F23: 1 | G23: 0 | H23: Haití | J23: =IF(OR(Resultados!F23="",Resultados!G23=""),"",IF(AND(F23=Resultados!F23,G23=Resultados!G23),2,IF(((F23>G23)=(Resultados!F23>Resultados!G23))*((F23<G23)=(Resultados!F23<Resultados!G23)),1,0)))
B24: 46198 | C24: 0 | D24: J3 | E24: Escocia | F24: 1 | G24: 2 | H24: Brasil | J24: =IF(OR(Resultados!F24="",Resultados!G24=""),"",IF(AND(F24=Resultados!F24,G24=Resultados!G24),2,IF(((F24>G24)=(Resultados!F24>Resultados!G24))*((F24<G24)=(Resultados!F24<Resultados!G24)),1,0)))
B25: 46198 | C25: 0 | D25: J3 | E25: Marruecos | F25: 3 | G25: 0 | H25: Haití | J25: =IF(OR(Resultados!F25="",Resultados!G25=""),"",IF(AND(F25=Resultados!F25,G25=Resultados!G25),2,IF(((F25>G25)=(Resultados!F25>Resultados!G25))*((F25<G25)=(Resultados!F25<Resultados!G25)),1,0)))
B27: Fecha | C27: Hora | D27: Jor. | E27: Casa | F27: Gol | G27: Gol | H27: Fuera
A28: D | B28: 46186 | C28: 0.125 | D28: J1 | E28: Estados Unidos | F28: 4 | G28: 1 | H28: Paraguay
B29: 46187 | C29: 0.25 | D29: J1 | E29: Australia | F29: 1 | G29: 2 | H29: Turquía | J29: =IF(OR(Resultados!F29="",Resultados!G29=""),"",IF(AND(F29=Resultados!F29,G29=Resultados!G29),2,IF(((F29>G29)=(Resultados!F29>Resultados!G29))*((F29<G29)=(Resultados!F29<Resultados!G29)),1,0))) -> 0
B30: 46192 | C30: 0.875 | D30: J2 | E30: Estados Unidos | F30: 2 | G30: 0 | H30: Australia | J30: =IF(OR(Resultados!F30="",Resultados!G30=""),"",IF(AND(F30=Resultados!F30,G30=Resultados!G30),2,IF(((F30>G30)=(Resultados!F30>Resultados!G30))*((F30<G30)=(Resultados!F30<Resultados!G30)),1,0)))
B31: 46193 | C31: 0.20833333 | D31: J2 | E31: Turquía | F31: 2 | G31: 0 | H31: Paraguay | J31: =IF(OR(Resultados!F31="",Resultados!G31=""),"",IF(AND(F31=Resultados!F31,G31=Resultados!G31),2,IF(((F31>G31)=(Resultados!F31>Resultados!G31))*((F31<G31)=(Resultados!F31<Resultados!G31)),1,0)))
B32: 46199 | C32: 0.16666667 | D32: J3 | E32: Turquía | F32: 3 | G32: 3 | H32: Estados Unidos | J32: =IF(OR(Resultados!F32="",Resultados!G32=""),"",IF(AND(F32=Resultados!F32,G32=Resultados!G32),2,IF(((F32>G32)=(Resultados!F32>Resultados!G32))*((F32<G32)=(Resultados!F32<Resultados!G32)),1,0)))
B33: 46199 | C33: 0.16666667 | D33: J3 | E33: Paraguay | F33: 0 | G33: 2 | H33: Australia | J33: =IF(OR(Resultados!F33="",Resultados!G33=""),"",IF(AND(F33=Resultados!F33,G33=Resultados!G33),2,IF(((F33>G33)=(Resultados!F33>Resultados!G33))*((F33<G33)=(Resultados!F33<Resultados!G33)),1,0)))
B35: Fecha | C35: Hora | D35: Jor. | E35: Casa | F35: Gol | G35: Gol | H35: Fuera
A36: E | B36: 46187 | C36: 0.79166667 | D36: J1 | E36: Alemania | F36: 2 | G36: 0 | H36: Curazao | J36: =IF(OR(Resultados!F36="",Resultados!G36=""),"",IF(AND(F36=Resultados!F36,G36=Resultados!G36),2,IF(((F36>G36)=(Resultados!F36>Resultados!G36))*((F36<G36)=(Resultados!F36<Resultados!G36)),1,0))) -> 1
B37: 46188 | C37: 0.041666667 | D37: J1 | E37: Costa de Marfil | F37: 2 | G37: 2 | H37: Ecuador | J37: =IF(OR(Resultados!F37="",Resultados!G37=""),"",IF(AND(F37=Resultados!F37,G37=Resultados!G37),2,IF(((F37>G37)=(Resultados!F37>Resultados!G37))*((F37<G37)=(Resultados!F37<Resultados!G37)),1,0))) -> 0
B38: 46193 | C38: 0.91666667 | D38: J2 | E38: Alemania | F38: 1 | G38: 1 | H38: Costa de Marfil | J38: =IF(OR(Resultados!F38="",Resultados!G38=""),"",IF(AND(F38=Resultados!F38,G38=Resultados!G38),2,IF(((F38>G38)=(Resultados!F38>Resultados!G38))*((F38<G38)=(Resultados!F38<Resultados!G38)),1,0)))
B39: 46194 | C39: 0.083333333 | D39: J2 | E39: Ecuador | F39: 2 | G39: 0 | H39: Curazao | J39: =IF(OR(Resultados!F39="",Resultados!G39=""),"",IF(AND(F39=Resultados!F39,G39=Resultados!G39),2,IF(((F39>G39)=(Resultados!F39>Resultados!G39))*((F39<G39)=(Resultados!F39<Resultados!G39)),1,0)))
B40: 46198 | C40: 0.91666667 | D40: J3 | E40: Curazao | F40: 0 | G40: 2 | H40: Costa de Marfil | J40: =IF(OR(Resultados!F40="",Resultados!G40=""),"",IF(AND(F40=Resultados!F40,G40=Resultados!G40),2,IF(((F40>G40)=(Resultados!F40>Resultados!G40))*((F40<G40)=(Resultados!F40<Resultados!G40)),1,0)))
B41: 46198 | C41: 0.91666667 | D41: J3 | E41: Ecuador | F41: 1 | G41: 2 | H41: Alemania | J41: =IF(OR(Resultados!F41="",Resultados!G41=""),"",IF(AND(F41=Resultados!F41,G41=Resultados!G41),2,IF(((F41>G41)=(Resultados!F41>Resultados!G41))*((F41<G41)=(Resultados!F41<Resultados!G41)),1,0)))
B43: Fecha | C43: Hora | D43: Jor. | E43: Casa | F43: Gol | G43: Gol | H43: Fuera
A44: F | B44: 46187 | C44: 0.91666667 | D44: J1 | E44: Países Bajos | F44: 2 | G44: 2 | H44: Japón | J44: =IF(OR(Resultados!F44="",Resultados!G44=""),"",IF(AND(F44=Resultados!F44,G44=Resultados!G44),2,IF(((F44>G44)=(Resultados!F44>Resultados!G44))*((F44<G44)=(Resultados!F44<Resultados!G44)),1,0))) -> 2
B45: 46188 | C45: 0.16666667 | D45: J1 | E45: Suecia | F45: 2 | G45: 0 | H45: Túnez | J45: =IF(OR(Resultados!F45="",Resultados!G45=""),"",IF(AND(F45=Resultados!F45,G45=Resultados!G45),2,IF(((F45>G45)=(Resultados!F45>Resultados!G45))*((F45<G45)=(Resultados!F45<Resultados!G45)),1,0))) -> 1
B46: 46193 | C46: 0.79166667 | D46: J2 | E46: Países Bajos | F46: 2 | G46: 1 | H46: Suecia | J46: =IF(OR(Resultados!F46="",Resultados!G46=""),"",IF(AND(F46=Resultados!F46,G46=Resultados!G46),2,IF(((F46>G46)=(Resultados!F46>Resultados!G46))*((F46<G46)=(Resultados!F46<Resultados!G46)),1,0)))
B47: 46194 | C47: 0.25 | D47: J2 | E47: Túnez | F47: 1 | G47: 3 | H47: Japón | J47: =IF(OR(Resultados!F47="",Resultados!G47=""),"",IF(AND(F47=Resultados!F47,G47=Resultados!G47),2,IF(((F47>G47)=(Resultados!F47>Resultados!G47))*((F47<G47)=(Resultados!F47<Resultados!G47)),1,0)))
B48: 46199 | C48: 0.041666667 | D48: J3 | E48: Japón | F48: 1 | G48: 1 | H48: Suecia | J48: =IF(OR(Resultados!F48="",Resultados!G48=""),"",IF(AND(F48=Resultados!F48,G48=Resultados!G48),2,IF(((F48>G48)=(Resultados!F48>Resultados!G48))*((F48<G48)=(Resultados!F48<Resultados!G48)),1,0)))
B49: 46199 | C49: 0.041666667 | D49: J3 | E49: Túnez | F49: 0 | G49: 3 | H49: Países Bajos | J49: =IF(OR(Resultados!F49="",Resultados!G49=""),"",IF(AND(F49=Resultados!F49,G49=Resultados!G49),2,IF(((F49>G49)=(Resultados!F49>Resultados!G49))*((F49<G49)=(Resultados!F49<Resultados!G49)),1,0)))
B51: Fecha | C51: Hora | D51: Jor. | E51: Casa | F51: Gol | G51: Gol | H51: Fuera
A52: G | B52: 46188 | C52: 0.875 | D52: J1 | E52: Bélgica | F52: 2 | G52: 1 | H52: Egipto | J52: =IF(OR(Resultados!F52="",Resultados!G52=""),"",IF(AND(F52=Resultados!F52,G52=Resultados!G52),2,IF(((F52>G52)=(Resultados!F52>Resultados!G52))*((F52<G52)=(Resultados!F52<Resultados!G52)),1,0)))
B53: 46189 | C53: 0.125 | D53: J1 | E53: Irán | F53: 0 | G53: 0 | H53: Nueva Zelanda | J53: =IF(OR(Resultados!F53="",Resultados!G53=""),"",IF(AND(F53=Resultados!F53,G53=Resultados!G53),2,IF(((F53>G53)=(Resultados!F53>Resultados!G53))*((F53<G53)=(Resultados!F53<Resultados!G53)),1,0)))
B54: 46194 | C54: 0.875 | D54: J2 | E54: Bélgica | F54: 3 | G54: 0 | H54: Irán | J54: =IF(OR(Resultados!F54="",Resultados!G54=""),"",IF(AND(F54=Resultados!F54,G54=Resultados!G54),2,IF(((F54>G54)=(Resultados!F54>Resultados!G54))*((F54<G54)=(Resultados!F54<Resultados!G54)),1,0)))
B55: 46195 | C55: 0.125 | D55: J2 | E55: Nueva Zelanda | F55: 0 | G55: 2 | H55: Egipto | J55: =IF(OR(Resultados!F55="",Resultados!G55=""),"",IF(AND(F55=Resultados!F55,G55=Resultados!G55),2,IF(((F55>G55)=(Resultados!F55>Resultados!G55))*((F55<G55)=(Resultados!F55<Resultados!G55)),1,0)))
B56: 46200 | C56: 0.20833333 | D56: J3 | E56: Egipto | F56: 2 | G56: 0 | H56: Irán | J56: =IF(OR(Resultados!F56="",Resultados!G56=""),"",IF(AND(F56=Resultados!F56,G56=Resultados!G56),2,IF(((F56>G56)=(Resultados!F56>Resultados!G56))*((F56<G56)=(Resultados!F56<Resultados!G56)),1,0)))
B57: 46200 | C57: 0.20833333 | D57: J3 | E57: Nueva Zelanda | F57: 0 | G57: 3 | H57: Bélgica | J57: =IF(OR(Resultados!F57="",Resultados!G57=""),"",IF(AND(F57=Resultados!F57,G57=Resultados!G57),2,IF(((F57>G57)=(Resultados!F57>Resultados!G57))*((F57<G57)=(Resultados!F57<Resultados!G57)),1,0)))
B59: Fecha | C59: Hora | D59: Jor. | E59: Casa | F59: Gol | G59: Gol | H59: Fuera
A60: H | B60: 46188 | C60: 0.75 | D60: J1 | E60: España | F60: 3 | G60: 0 | H60: Cabo Verde | J60: =IF(OR(Resultados!F60="",Resultados!G60=""),"",IF(AND(F60=Resultados!F60,G60=Resultados!G60),2,IF(((F60>G60)=(Resultados!F60>Resultados!G60))*((F60<G60)=(Resultados!F60<Resultados!G60)),1,0)))
B61: 46189 | C61: 0 | D61: J1 | E61: Arabia Saudita | F61: 1 | G61: 2 | H61: Uruguay | J61: =IF(OR(Resultados!F61="",Resultados!G61=""),"",IF(AND(F61=Resultados!F61,G61=Resultados!G61),2,IF(((F61>G61)=(Resultados!F61>Resultados!G61))*((F61<G61)=(Resultados!F61<Resultados!G61)),1,0)))
B62: 46194 | C62: 0.75 | D62: J2 | E62: España | F62: 2 | G62: 0 | H62: Arabia Saudita | J62: =IF(OR(Resultados!F62="",Resultados!G62=""),"",IF(AND(F62=Resultados!F62,G62=Resultados!G62),2,IF(((F62>G62)=(Resultados!F62>Resultados!G62))*((F62<G62)=(Resultados!F62<Resultados!G62)),1,0)))
B63: 46195 | C63: 0 | D63: J2 | E63: Uruguay | F63: 1 | G63: 0 | H63: Cabo Verde | J63: =IF(OR(Resultados!F63="",Resultados!G63=""),"",IF(AND(F63=Resultados!F63,G63=Resultados!G63),2,IF(((F63>G63)=(Resultados!F63>Resultados!G63))*((F63<G63)=(Resultados!F63<Resultados!G63)),1,0)))
B64: 46200 | C64: 0.083333333 | D64: J3 | E64: Cabo Verde | F64: 0 | G64: 0 | H64: Arabia Saudita | J64: =IF(OR(Resultados!F64="",Resultados!G64=""),"",IF(AND(F64=Resultados!F64,G64=Resultados!G64),2,IF(((F64>G64)=(Resultados!F64>Resultados!G64))*((F64<G64)=(Resultados!F64<Resultados!G64)),1,0)))
B65: 46200 | C65: 0.083333333 | D65: J3 | E65: Uruguay | F65: 2 | G65: 2 | H65: España | J65: =IF(OR(Resultados!F65="",Resultados!G65=""),"",IF(AND(F65=Resultados!F65,G65=Resultados!G65),2,IF(((F65>G65)=(Resultados!F65>Resultados!G65))*((F65<G65)=(Resultados!F65<Resultados!G65)),1,0)))
B67: Fecha | C67: Hora | D67: Jor. | E67: Casa | F67: Gol | G67: Gol | H67: Fuera
A68: I | B68: 46189 | C68: 0.875 | D68: J1 | E68: Francia | F68: 2 | G68: 1 | H68: Senegal | J68: =IF(OR(Resultados!F68="",Resultados!G68=""),"",IF(AND(F68=Resultados!F68,G68=Resultados!G68),2,IF(((F68>G68)=(Resultados!F68>Resultados!G68))*((F68<G68)=(Resultados!F68<Resultados!G68)),1,0)))
B69: 46190 | C69: 0 | D69: J1 | E69: Irak | F69: 0 | G69: 2 | H69: Noruega | J69: =IF(OR(Resultados!F69="",Resultados!G69=""),"",IF(AND(F69=Resultados!F69,G69=Resultados!G69),2,IF(((F69>G69)=(Resultados!F69>Resultados!G69))*((F69<G69)=(Resultados!F69<Resultados!G69)),1,0)))
B70: 46195 | C70: 0.95833333 | D70: J2 | E70: Francia | F70: 4 | G70: 0 | H70: Irak | J70: =IF(OR(Resultados!F70="",Resultados!G70=""),"",IF(AND(F70=Resultados!F70,G70=Resultados!G70),2,IF(((F70>G70)=(Resultados!F70>Resultados!G70))*((F70<G70)=(Resultados!F70<Resultados!G70)),1,0)))
B71: 46196 | C71: 0.083333333 | D71: J2 | E71: Noruega | F71: 1 | G71: 1 | H71: Senegal | J71: =IF(OR(Resultados!F71="",Resultados!G71=""),"",IF(AND(F71=Resultados!F71,G71=Resultados!G71),2,IF(((F71>G71)=(Resultados!F71>Resultados!G71))*((F71<G71)=(Resultados!F71<Resultados!G71)),1,0)))
B72: 46199 | C72: 0.875 | D72: J3 | E72: Noruega | F72: 2 | G72: 2 | H72: Francia | J72: =IF(OR(Resultados!F72="",Resultados!G72=""),"",IF(AND(F72=Resultados!F72,G72=Resultados!G72),2,IF(((F72>G72)=(Resultados!F72>Resultados!G72))*((F72<G72)=(Resultados!F72<Resultados!G72)),1,0)))
B73: 46199 | C73: 0.875 | D73: J3 | E73: Senegal | F73: 1 | G73: 0 | H73: Irak | J73: =IF(OR(Resultados!F73="",Resultados!G73=""),"",IF(AND(F73=Resultados!F73,G73=Resultados!G73),2,IF(((F73>G73)=(Resultados!F73>Resultados!G73))*((F73<G73)=(Resultados!F73<Resultados!G73)),1,0)))
B75: Fecha | C75: Hora | D75: Jor. | E75: Casa | F75: Gol | G75: Gol | H75: Fuera
A76: J | B76: 46190 | C76: 0.125 | D76: J1 | E76: Argentina | F76: 3 | G76: 0 | H76: Argelia | J76: =IF(OR(Resultados!F76="",Resultados!G76=""),"",IF(AND(F76=Resultados!F76,G76=Resultados!G76),2,IF(((F76>G76)=(Resultados!F76>Resultados!G76))*((F76<G76)=(Resultados!F76<Resultados!G76)),1,0)))
B77: 46190 | C77: 0.25 | D77: J1 | E77: Austria | F77: 0 | G77: 0 | H77: Jordania | J77: =IF(OR(Resultados!F77="",Resultados!G77=""),"",IF(AND(F77=Resultados!F77,G77=Resultados!G77),2,IF(((F77>G77)=(Resultados!F77>Resultados!G77))*((F77<G77)=(Resultados!F77<Resultados!G77)),1,0)))
B78: 46195 | C78: 0.79166667 | D78: J2 | E78: Argentina | F78: 2 | G78: 0 | H78: Austria | J78: =IF(OR(Resultados!F78="",Resultados!G78=""),"",IF(AND(F78=Resultados!F78,G78=Resultados!G78),2,IF(((F78>G78)=(Resultados!F78>Resultados!G78))*((F78<G78)=(Resultados!F78<Resultados!G78)),1,0)))
B79: 46196 | C79: 0.20833333 | D79: J2 | E79: Jordania | F79: 1 | G79: 1 | H79: Argelia | J79: =IF(OR(Resultados!F79="",Resultados!G79=""),"",IF(AND(F79=Resultados!F79,G79=Resultados!G79),2,IF(((F79>G79)=(Resultados!F79>Resultados!G79))*((F79<G79)=(Resultados!F79<Resultados!G79)),1,0)))
B80: 46201 | C80: 0.16666667 | D80: J3 | E80: Argelia | F80: 1 | G80: 1 | H80: Austria | J80: =IF(OR(Resultados!F80="",Resultados!G80=""),"",IF(AND(F80=Resultados!F80,G80=Resultados!G80),2,IF(((F80>G80)=(Resultados!F80>Resultados!G80))*((F80<G80)=(Resultados!F80<Resultados!G80)),1,0)))
B81: 46201 | C81: 0.16666667 | D81: J3 | E81: Jordania | F81: 0 | G81: 4 | H81: Argentina | J81: =IF(OR(Resultados!F81="",Resultados!G81=""),"",IF(AND(F81=Resultados!F81,G81=Resultados!G81),2,IF(((F81>G81)=(Resultados!F81>Resultados!G81))*((F81<G81)=(Resultados!F81<Resultados!G81)),1,0)))
B83: Fecha | C83: Hora | D83: Jor. | E83: Casa | F83: Gol | G83: Gol | H83: Fuera
A84: K | B84: 46190 | C84: 0.79166667 | D84: J1 | E84: Portugal | F84: 2 | G84: 0 | H84: RD Congo | J84: =IF(OR(Resultados!F84="",Resultados!G84=""),"",IF(AND(F84=Resultados!F84,G84=Resultados!G84),2,IF(((F84>G84)=(Resultados!F84>Resultados!G84))*((F84<G84)=(Resultados!F84<Resultados!G84)),1,0)))
B85: 46191 | C85: 0.16666667 | D85: J1 | E85: Uzbekistán | F85: 0 | G85: 2 | H85: Colombia | J85: =IF(OR(Resultados!F85="",Resultados!G85=""),"",IF(AND(F85=Resultados!F85,G85=Resultados!G85),2,IF(((F85>G85)=(Resultados!F85>Resultados!G85))*((F85<G85)=(Resultados!F85<Resultados!G85)),1,0)))
B86: 46196 | C86: 0.79166667 | D86: J2 | E86: Portugal | F86: 3 | G86: 0 | H86: Uzbekistán | J86: =IF(OR(Resultados!F86="",Resultados!G86=""),"",IF(AND(F86=Resultados!F86,G86=Resultados!G86),2,IF(((F86>G86)=(Resultados!F86>Resultados!G86))*((F86<G86)=(Resultados!F86<Resultados!G86)),1,0)))
B87: 46197 | C87: 0.16666667 | D87: J2 | E87: Colombia | F87: 2 | G87: 0 | H87: RD Congo | J87: =IF(OR(Resultados!F87="",Resultados!G87=""),"",IF(AND(F87=Resultados!F87,G87=Resultados!G87),2,IF(((F87>G87)=(Resultados!F87>Resultados!G87))*((F87<G87)=(Resultados!F87<Resultados!G87)),1,0)))
B88: 46201 | C88: 0.0625 | D88: J3 | E88: Colombia | F88: 2 | G88: 3 | H88: Portugal | J88: =IF(OR(Resultados!F88="",Resultados!G88=""),"",IF(AND(F88=Resultados!F88,G88=Resultados!G88),2,IF(((F88>G88)=(Resultados!F88>Resultados!G88))*((F88<G88)=(Resultados!F88<Resultados!G88)),1,0)))
B89: 46201 | C89: 0.0625 | D89: J3 | E89: RD Congo | F89: 1 | G89: 1 | H89: Uzbekistán | J89: =IF(OR(Resultados!F89="",Resultados!G89=""),"",IF(AND(F89=Resultados!F89,G89=Resultados!G89),2,IF(((F89>G89)=(Resultados!F89>Resultados!G89))*((F89<G89)=(Resultados!F89<Resultados!G89)),1,0)))
B91: Fecha | C91: Hora | D91: Jor. | E91: Casa | F91: Gol | G91: Gol | H91: Fuera
A92: L | B92: 46190 | C92: 0.91666667 | D92: J1 | E92: Inglaterra | F92: 2 | G92: 2 | H92: Croacia | J92: =IF(OR(Resultados!F92="",Resultados!G92=""),"",IF(AND(F92=Resultados!F92,G92=Resultados!G92),2,IF(((F92>G92)=(Resultados!F92>Resultados!G92))*((F92<G92)=(Resultados!F92<Resultados!G92)),1,0)))
B93: 46191 | C93: 0.041666667 | D93: J1 | E93: Ghana | F93: 1 | G93: 1 | H93: Panamá | J93: =IF(OR(Resultados!F93="",Resultados!G93=""),"",IF(AND(F93=Resultados!F93,G93=Resultados!G93),2,IF(((F93>G93)=(Resultados!F93>Resultados!G93))*((F93<G93)=(Resultados!F93<Resultados!G93)),1,0)))
B94: 46196 | C94: 0.91666667 | D94: J2 | E94: Inglaterra | F94: 2 | G94: 0 | H94: Ghana | J94: =IF(OR(Resultados!F94="",Resultados!G94=""),"",IF(AND(F94=Resultados!F94,G94=Resultados!G94),2,IF(((F94>G94)=(Resultados!F94>Resultados!G94))*((F94<G94)=(Resultados!F94<Resultados!G94)),1,0)))
B95: 46197 | C95: 0.041666667 | D95: J2 | E95: Panamá | F95: 0 | G95: 2 | H95: Croacia | J95: =IF(OR(Resultados!F95="",Resultados!G95=""),"",IF(AND(F95=Resultados!F95,G95=Resultados!G95),2,IF(((F95>G95)=(Resultados!F95>Resultados!G95))*((F95<G95)=(Resultados!F95<Resultados!G95)),1,0)))
B96: 46200 | C96: 0.95833333 | D96: J3 | E96: Panamá | F96: 3 | G96: 0 | H96: Inglaterra | J96: =IF(OR(Resultados!F96="",Resultados!G96=""),"",IF(AND(F96=Resultados!F96,G96=Resultados!G96),2,IF(((F96>G96)=(Resultados!F96>Resultados!G96))*((F96<G96)=(Resultados!F96<Resultados!G96)),1,0)))
B97: 46200 | C97: 0.95833333 | D97: J3 | E97: Croacia | F97: 2 | G97: 0 | H97: Ghana | J97: =IF(OR(Resultados!F97="",Resultados!G97=""),"",IF(AND(F97=Resultados!F97,G97=Resultados!G97),2,IF(((F97>G97)=(Resultados!F97>Resultados!G97))*((F97<G97)=(Resultados!F97<Resultados!G97)),1,0)))

Sheet Yulian
A1: XXIII Mundial USA/MEX/CAN 2026
B3: Fecha | C3: Hora | D3: Jor. | E3: Casa | F3: Gol | G3: Gol | H3: Fuera | J3: Puntos | L3: Total
A4: A | B4: 46184 | C4: 0.875 | D4: J1 | E4: México | F4: 2 | G4: 0 | H4: Sudáfrica | L4: =SUM(J:J) -> 3
B5: 46185 | C5: 0.16666667 | D5: J1 | E5: Corea del Sur | F5: 2 | G5: 1 | H5: República Checa
B6: 46191 | C6: 0.75 | D6: J2 | E6: República Checa | F6: 1 | G6: 0 | H6: Sudáfrica | J6: =IF(OR(Resultados!F6="",Resultados!G6=""),"",IF(AND(F6=Resultados!F6,G6=Resultados!G6),2,IF(((F6>G6)=(Resultados!F6>Resultados!G6))*((F6<G6)=(Resultados!F6<Resultados!G6)),1,0)))
B7: 46192 | C7: 0.125 | D7: J2 | E7: México | F7: 2 | G7: 2 | H7: Corea del Sur | J7: =IF(OR(Resultados!F7="",Resultados!G7=""),"",IF(AND(F7=Resultados!F7,G7=Resultados!G7),2,IF(((F7>G7)=(Resultados!F7>Resultados!G7))*((F7<G7)=(Resultados!F7<Resultados!G7)),1,0)))
B8: 46198 | C8: 0.125 | D8: J3 | E8: República Checa | F8: 1 | G8: 2 | H8: México | J8: =IF(OR(Resultados!F8="",Resultados!G8=""),"",IF(AND(F8=Resultados!F8,G8=Resultados!G8),2,IF(((F8>G8)=(Resultados!F8>Resultados!G8))*((F8<G8)=(Resultados!F8<Resultados!G8)),1,0)))
B9: 46198 | C9: 0.125 | D9: J3 | E9: Sudáfrica | F9: 1 | G9: 1 | H9: Corea del Sur | J9: =IF(OR(Resultados!F9="",Resultados!G9=""),"",IF(AND(F9=Resultados!F9,G9=Resultados!G9),2,IF(((F9>G9)=(Resultados!F9>Resultados!G9))*((F9<G9)=(Resultados!F9<Resultados!G9)),1,0)))
B11: Fecha | C11: Hora | D11: Jor. | E11: Casa | F11: Gol | G11: Gol | H11: Fuera
A12: B | B12: 46185 | C12: 0.875 | D12: J1 | E12: Canadá | F12: 1 | G12: 1 | H12: Bosnia y Herzegovina
B13: 46186 | C13: 0.875 | D13: J1 | E13: Catar | F13: 1 | G13: 1 | H13: Suiza
B14: 46191 | C14: 0.875 | D14: J2 | E14: Suiza | F14: 0 | G14: 0 | H14: Bosnia y Herzegovina | J14: =IF(OR(Resultados!F14="",Resultados!G14=""),"",IF(AND(F14=Resultados!F14,G14=Resultados!G14),2,IF(((F14>G14)=(Resultados!F14>Resultados!G14))*((F14<G14)=(Resultados!F14<Resultados!G14)),1,0)))
B15: 46192 | C15: 0 | D15: J2 | E15: Canadá | F15: 1 | G15: 1 | H15: Catar | J15: =IF(OR(Resultados!F15="",Resultados!G15=""),"",IF(AND(F15=Resultados!F15,G15=Resultados!G15),2,IF(((F15>G15)=(Resultados!F15>Resultados!G15))*((F15<G15)=(Resultados!F15<Resultados!G15)),1,0)))
B16: 46197 | C16: 0.875 | D16: J3 | E16: Suiza | F16: 1 | G16: 1 | H16: Canadá | J16: =IF(OR(Resultados!F16="",Resultados!G16=""),"",IF(AND(F16=Resultados!F16,G16=Resultados!G16),2,IF(((F16>G16)=(Resultados!F16>Resultados!G16))*((F16<G16)=(Resultados!F16<Resultados!G16)),1,0)))
B17: 46197 | C17: 0.875 | D17: J3 | E17: Bosnia y Herzegovina | F17: 0 | G17: 1 | H17: Catar | J17: =IF(OR(Resultados!F17="",Resultados!G17=""),"",IF(AND(F17=Resultados!F17,G17=Resultados!G17),2,IF(((F17>G17)=(Resultados!F17>Resultados!G17))*((F17<G17)=(Resultados!F17<Resultados!G17)),1,0)))
B19: Fecha | C19: Hora | D19: Jor. | E19: Casa | F19: Gol | G19: Gol | H19: Fuera
A20: C | B20: 46187 | C20: 0 | D20: J1 | E20: Brasil | F20: 1 | G20: 1 | H20: Marruecos
B21: 46187 | C21: 0.125 | D21: J1 | E21: Haití | F21: 0 | G21: 1 | H21: Escocia | J21: =IF(OR(Resultados!F21="",Resultados!G21=""),"",IF(AND(F21=Resultados!F21,G21=Resultados!G21),2,IF(((F21>G21)=(Resultados!F21>Resultados!G21))*((F21<G21)=(Resultados!F21<Resultados!G21)),1,0))) -> 2
B22: 46193 | C22: 0 | D22: J2 | E22: Escocia | F22: 1 | G22: 2 | H22: Marruecos | J22: =IF(OR(Resultados!F22="",Resultados!G22=""),"",IF(AND(F22=Resultados!F22,G22=Resultados!G22),2,IF(((F22>G22)=(Resultados!F22>Resultados!G22))*((F22<G22)=(Resultados!F22<Resultados!G22)),1,0)))
B23: 46193 | C23: 0.10416667 | D23: J2 | E23: Brasil | F23: 3 | G23: 1 | H23: Haití | J23: =IF(OR(Resultados!F23="",Resultados!G23=""),"",IF(AND(F23=Resultados!F23,G23=Resultados!G23),2,IF(((F23>G23)=(Resultados!F23>Resultados!G23))*((F23<G23)=(Resultados!F23<Resultados!G23)),1,0)))
B24: 46198 | C24: 0 | D24: J3 | E24: Escocia | F24: 2 | G24: 3 | H24: Brasil | J24: =IF(OR(Resultados!F24="",Resultados!G24=""),"",IF(AND(F24=Resultados!F24,G24=Resultados!G24),2,IF(((F24>G24)=(Resultados!F24>Resultados!G24))*((F24<G24)=(Resultados!F24<Resultados!G24)),1,0)))
B25: 46198 | C25: 0 | D25: J3 | E25: Marruecos | F25: 2 | G25: 0 | H25: Haití | J25: =IF(OR(Resultados!F25="",Resultados!G25=""),"",IF(AND(F25=Resultados!F25,G25=Resultados!G25),2,IF(((F25>G25)=(Resultados!F25>Resultados!G25))*((F25<G25)=(Resultados!F25<Resultados!G25)),1,0)))
B27: Fecha | C27: Hora | D27: Jor. | E27: Casa | F27: Gol | G27: Gol | H27: Fuera
A28: D | B28: 46186 | C28: 0.125 | D28: J1 | E28: Estados Unidos | F28: 4 | G28: 1 | H28: Paraguay
B29: 46187 | C29: 0.25 | D29: J1 | E29: Australia | F29: 1 | G29: 2 | H29: Turquía | J29: =IF(OR(Resultados!F29="",Resultados!G29=""),"",IF(AND(F29=Resultados!F29,G29=Resultados!G29),2,IF(((F29>G29)=(Resultados!F29>Resultados!G29))*((F29<G29)=(Resultados!F29<Resultados!G29)),1,0))) -> 0
B30: 46192 | C30: 0.875 | D30: J2 | E30: Estados Unidos | F30: 2 | G30: 1 | H30: Australia | J30: =IF(OR(Resultados!F30="",Resultados!G30=""),"",IF(AND(F30=Resultados!F30,G30=Resultados!G30),2,IF(((F30>G30)=(Resultados!F30>Resultados!G30))*((F30<G30)=(Resultados!F30<Resultados!G30)),1,0)))
B31: 46193 | C31: 0.20833333 | D31: J2 | E31: Turquía | F31: 2 | G31: 0 | H31: Paraguay | J31: =IF(OR(Resultados!F31="",Resultados!G31=""),"",IF(AND(F31=Resultados!F31,G31=Resultados!G31),2,IF(((F31>G31)=(Resultados!F31>Resultados!G31))*((F31<G31)=(Resultados!F31<Resultados!G31)),1,0)))
B32: 46199 | C32: 0.16666667 | D32: J3 | E32: Turquía | F32: 1 | G32: 1 | H32: Estados Unidos | J32: =IF(OR(Resultados!F32="",Resultados!G32=""),"",IF(AND(F32=Resultados!F32,G32=Resultados!G32),2,IF(((F32>G32)=(Resultados!F32>Resultados!G32))*((F32<G32)=(Resultados!F32<Resultados!G32)),1,0)))
B33: 46199 | C33: 0.16666667 | D33: J3 | E33: Paraguay | F33: 0 | G33: 1 | H33: Australia | J33: =IF(OR(Resultados!F33="",Resultados!G33=""),"",IF(AND(F33=Resultados!F33,G33=Resultados!G33),2,IF(((F33>G33)=(Resultados!F33>Resultados!G33))*((F33<G33)=(Resultados!F33<Resultados!G33)),1,0)))
B35: Fecha | C35: Hora | D35: Jor. | E35: Casa | F35: Gol | G35: Gol | H35: Fuera
A36: E | B36: 46187 | C36: 0.79166667 | D36: J1 | E36: Alemania | F36: 3 | G36: 0 | H36: Curazao | J36: =IF(OR(Resultados!F36="",Resultados!G36=""),"",IF(AND(F36=Resultados!F36,G36=Resultados!G36),2,IF(((F36>G36)=(Resultados!F36>Resultados!G36))*((F36<G36)=(Resultados!F36<Resultados!G36)),1,0))) -> 1
B37: 46188 | C37: 0.041666667 | D37: J1 | E37: Costa de Marfil | F37: 2 | G37: 2 | H37: Ecuador | J37: =IF(OR(Resultados!F37="",Resultados!G37=""),"",IF(AND(F37=Resultados!F37,G37=Resultados!G37),2,IF(((F37>G37)=(Resultados!F37>Resultados!G37))*((F37<G37)=(Resultados!F37<Resultados!G37)),1,0))) -> 0
B38: 46193 | C38: 0.91666667 | D38: J2 | E38: Alemania | F38: 3 | G38: 1 | H38: Costa de Marfil | J38: =IF(OR(Resultados!F38="",Resultados!G38=""),"",IF(AND(F38=Resultados!F38,G38=Resultados!G38),2,IF(((F38>G38)=(Resultados!F38>Resultados!G38))*((F38<G38)=(Resultados!F38<Resultados!G38)),1,0)))
B39: 46194 | C39: 0.083333333 | D39: J2 | E39: Ecuador | F39: 1 | G39: 1 | H39: Curazao | J39: =IF(OR(Resultados!F39="",Resultados!G39=""),"",IF(AND(F39=Resultados!F39,G39=Resultados!G39),2,IF(((F39>G39)=(Resultados!F39>Resultados!G39))*((F39<G39)=(Resultados!F39<Resultados!G39)),1,0)))
B40: 46198 | C40: 0.91666667 | D40: J3 | E40: Curazao | F40: 0 | G40: 0 | H40: Costa de Marfil | J40: =IF(OR(Resultados!F40="",Resultados!G40=""),"",IF(AND(F40=Resultados!F40,G40=Resultados!G40),2,IF(((F40>G40)=(Resultados!F40>Resultados!G40))*((F40<G40)=(Resultados!F40<Resultados!G40)),1,0)))
B41: 46198 | C41: 0.91666667 | D41: J3 | E41: Ecuador | F41: 1 | G41: 2 | H41: Alemania | J41: =IF(OR(Resultados!F41="",Resultados!G41=""),"",IF(AND(F41=Resultados!F41,G41=Resultados!G41),2,IF(((F41>G41)=(Resultados!F41>Resultados!G41))*((F41<G41)=(Resultados!F41<Resultados!G41)),1,0)))
B43: Fecha | C43: Hora | D43: Jor. | E43: Casa | F43: Gol | G43: Gol | H43: Fuera
A44: F | B44: 46187 | C44: 0.91666667 | D44: J1 | E44: Países Bajos | F44: 2 | G44: 1 | H44: Japón | J44: =IF(OR(Resultados!F44="",Resultados!G44=""),"",IF(AND(F44=Resultados!F44,G44=Resultados!G44),2,IF(((F44>G44)=(Resultados!F44>Resultados!G44))*((F44<G44)=(Resultados!F44<Resultados!G44)),1,0))) -> 0
B45: 46188 | C45: 0.16666667 | D45: J1 | E45: Suecia | F45: 1 | G45: 1 | H45: Túnez | J45: =IF(OR(Resultados!F45="",Resultados!G45=""),"",IF(AND(F45=Resultados!F45,G45=Resultados!G45),2,IF(((F45>G45)=(Resultados!F45>Resultados!G45))*((F45<G45)=(Resultados!F45<Resultados!G45)),1,0))) -> 0
B46: 46193 | C46: 0.79166667 | D46: J2 | E46: Países Bajos | F46: 2 | G46: 0 | H46: Suecia | J46: =IF(OR(Resultados!F46="",Resultados!G46=""),"",IF(AND(F46=Resultados!F46,G46=Resultados!G46),2,IF(((F46>G46)=(Resultados!F46>Resultados!G46))*((F46<G46)=(Resultados!F46<Resultados!G46)),1,0)))
B47: 46194 | C47: 0.25 | D47: J2 | E47: Túnez | F47: 1 | G47: 1 | H47: Japón | J47: =IF(OR(Resultados!F47="",Resultados!G47=""),"",IF(AND(F47=Resultados!F47,G47=Resultados!G47),2,IF(((F47>G47)=(Resultados!F47>Resultados!G47))*((F47<G47)=(Resultados!F47<Resultados!G47)),1,0)))
B48: 46199 | C48: 0.041666667 | D48: J3 | E48: Japón | F48: 1 | G48: 1 | H48: Suecia | J48: =IF(OR(Resultados!F48="",Resultados!G48=""),"",IF(AND(F48=Resultados!F48,G48=Resultados!G48),2,IF(((F48>G48)=(Resultados!F48>Resultados!G48))*((F48<G48)=(Resultados!F48<Resultados!G48)),1,0)))
B49: 46199 | C49: 0.041666667 | D49: J3 | E49: Túnez | F49: 0 | G49: 2 | H49: Países Bajos | J49: =IF(OR(Resultados!F49="",Resultados!G49=""),"",IF(AND(F49=Resultados!F49,G49=Resultados!G49),2,IF(((F49>G49)=(Resultados!F49>Resultados!G49))*((F49<G49)=(Resultados!F49<Resultados!G49)),1,0)))
B51: Fecha | C51: Hora | D51: Jor. | E51: Casa | F51: Gol | G51: Gol | H51: Fuera
A52: G | B52: 46188 | C52: 0.875 | D52: J1 | E52: Bélgica | F52: 1 | G52: 1 | H52: Egipto | J52: =IF(OR(Resultados!F52="",Resultados!G52=""),"",IF(AND(F52=Resultados!F52,G52=Resultados!G52),2,IF(((F52>G52)=(Resultados!F52>Resultados!G52))*((F52<G52)=(Resultados!F52<Resultados!G52)),1,0)))
B53: 46189 | C53: 0.125 | D53: J1 | E53: Irán | F53: 0 | G53: 0 | H53: Nueva Zelanda | J53: =IF(OR(Resultados!F53="",Resultados!G53=""),"",IF(AND(F53=Resultados!F53,G53=Resultados!G53),2,IF(((F53>G53)=(Resultados!F53>Resultados!G53))*((F53<G53)=(Resultados!F53<Resultados!G53)),1,0)))
B54: 46194 | C54: 0.875 | D54: J2 | E54: Bélgica | F54: 2 | G54: 1 | H54: Irán | J54: =IF(OR(Resultados!F54="",Resultados!G54=""),"",IF(AND(F54=Resultados!F54,G54=Resultados!G54),2,IF(((F54>G54)=(Resultados!F54>Resultados!G54))*((F54<G54)=(Resultados!F54<Resultados!G54)),1,0)))
B55: 46195 | C55: 0.125 | D55: J2 | E55: Nueva Zelanda | F55: 0 | G55: 2 | H55: Egipto | J55: =IF(OR(Resultados!F55="",Resultados!G55=""),"",IF(AND(F55=Resultados!F55,G55=Resultados!G55),2,IF(((F55>G55)=(Resultados!F55>Resultados!G55))*((F55<G55)=(Resultados!F55<Resultados!G55)),1,0)))
B56: 46200 | C56: 0.20833333 | D56: J3 | E56: Egipto | F56: 1 | G56: 0 | H56: Irán | J56: =IF(OR(Resultados!F56="",Resultados!G56=""),"",IF(AND(F56=Resultados!F56,G56=Resultados!G56),2,IF(((F56>G56)=(Resultados!F56>Resultados!G56))*((F56<G56)=(Resultados!F56<Resultados!G56)),1,0)))
B57: 46200 | C57: 0.20833333 | D57: J3 | E57: Nueva Zelanda | F57: 1 | G57: 2 | H57: Bélgica | J57: =IF(OR(Resultados!F57="",Resultados!G57=""),"",IF(AND(F57=Resultados!F57,G57=Resultados!G57),2,IF(((F57>G57)=(Resultados!F57>Resultados!G57))*((F57<G57)=(Resultados!F57<Resultados!G57)),1,0)))
B59: Fecha | C59: Hora | D59: Jor. | E59: Casa | F59: Gol | G59: Gol | H59: Fuera
A60: H | B60: 46188 | C60: 0.75 | D60: J1 | E60: España | F60: 3 | G60: 0 | H60: Cabo Verde | J60: =IF(OR(Resultados!F60="",Resultados!G60=""),"",IF(AND(F60=Resultados!F60,G60=Resultados!G60),2,IF(((F60>G60)=(Resultados!F60>Resultados!G60))*((F60<G60)=(Resultados!F60<Resultados!G60)),1,0)))
B61: 46189 | C61: 0 | D61: J1 | E61: Arabia Saudita | F61: 1 | G61: 2 | H61: Uruguay | J61: =IF(OR(Resultados!F61="",Resultados!G61=""),"",IF(AND(F61=Resultados!F61,G61=Resultados!G61),2,IF(((F61>G61)=(Resultados!F61>Resultados!G61))*((F61<G61)=(Resultados!F61<Resultados!G61)),1,0)))
B62: 46194 | C62: 0.75 | D62: J2 | E62: España | F62: 3 | G62: 1 | H62: Arabia Saudita | J62: =IF(OR(Resultados!F62="",Resultados!G62=""),"",IF(AND(F62=Resultados!F62,G62=Resultados!G62),2,IF(((F62>G62)=(Resultados!F62>Resultados!G62))*((F62<G62)=(Resultados!F62<Resultados!G62)),1,0)))
B63: 46195 | C63: 0 | D63: J2 | E63: Uruguay | F63: 2 | G63: 0 | H63: Cabo Verde | J63: =IF(OR(Resultados!F63="",Resultados!G63=""),"",IF(AND(F63=Resultados!F63,G63=Resultados!G63),2,IF(((F63>G63)=(Resultados!F63>Resultados!G63))*((F63<G63)=(Resultados!F63<Resultados!G63)),1,0)))
B64: 46200 | C64: 0.083333333 | D64: J3 | E64: Cabo Verde | F64: 0 | G64: 0 | H64: Arabia Saudita | J64: =IF(OR(Resultados!F64="",Resultados!G64=""),"",IF(AND(F64=Resultados!F64,G64=Resultados!G64),2,IF(((F64>G64)=(Resultados!F64>Resultados!G64))*((F64<G64)=(Resultados!F64<Resultados!G64)),1,0)))
B65: 46200 | C65: 0.083333333 | D65: J3 | E65: Uruguay | F65: 2 | G65: 2 | H65: España | J65: =IF(OR(Resultados!F65="",Resultados!G65=""),"",IF(AND(F65=Resultados!F65,G65=Resultados!G65),2,IF(((F65>G65)=(Resultados!F65>Resultados!G65))*((F65<G65)=(Resultados!F65<Resultados!G65)),1,0)))
B67: Fecha | C67: Hora | D67: Jor. | E67: Casa | F67: Gol | G67: Gol | H67: Fuera
A68: I | B68: 46189 | C68: 0.875 | D68: J1 | E68: Francia | F68: 2 | G68: 1 | H68: Senegal | J68: =IF(OR(Resultados!F68="",Resultados!G68=""),"",IF(AND(F68=Resultados!F68,G68=Resultados!G68),2,IF(((F68>G68)=(Resultados!F68>Resultados!G68))*((F68<G68)=(Resultados!F68<Resultados!G68)),1,0)))
B69: 46190 | C69: 0 | D69: J1 | E69: Irak | F69: 0 | G69: 2 | H69: Noruega | J69: =IF(OR(Resultados!F69="",Resultados!G69=""),"",IF(AND(F69=Resultados!F69,G69=Resultados!G69),2,IF(((F69>G69)=(Resultados!F69>Resultados!G69))*((F69<G69)=(Resultados!F69<Resultados!G69)),1,0)))
B70: 46195 | C70: 0.95833333 | D70: J2 | E70: Francia | F70: 2 | G70: 0 | H70: Irak | J70: =IF(OR(Resultados!F70="",Resultados!G70=""),"",IF(AND(F70=Resultados!F70,G70=Resultados!G70),2,IF(((F70>G70)=(Resultados!F70>Resultados!G70))*((F70<G70)=(Resultados!F70<Resultados!G70)),1,0)))
B71: 46196 | C71: 0.083333333 | D71: J2 | E71: Noruega | F71: 2 | G71: 1 | H71: Senegal | J71: =IF(OR(Resultados!F71="",Resultados!G71=""),"",IF(AND(F71=Resultados!F71,G71=Resultados!G71),2,IF(((F71>G71)=(Resultados!F71>Resultados!G71))*((F71<G71)=(Resultados!F71<Resultados!G71)),1,0)))
B72: 46199 | C72: 0.875 | D72: J3 | E72: Noruega | F72: 3 | G72: 3 | H72: Francia | J72: =IF(OR(Resultados!F72="",Resultados!G72=""),"",IF(AND(F72=Resultados!F72,G72=Resultados!G72),2,IF(((F72>G72)=(Resultados!F72>Resultados!G72))*((F72<G72)=(Resultados!F72<Resultados!G72)),1,0)))
B73: 46199 | C73: 0.875 | D73: J3 | E73: Senegal | F73: 1 | G73: 1 | H73: Irak | J73: =IF(OR(Resultados!F73="",Resultados!G73=""),"",IF(AND(F73=Resultados!F73,G73=Resultados!G73),2,IF(((F73>G73)=(Resultados!F73>Resultados!G73))*((F73<G73)=(Resultados!F73<Resultados!G73)),1,0)))
B75: Fecha | C75: Hora | D75: Jor. | E75: Casa | F75: Gol | G75: Gol | H75: Fuera
A76: J | B76: 46190 | C76: 0.125 | D76: J1 | E76: Argentina | F76: 2 | G76: 0 | H76: Argelia | J76: =IF(OR(Resultados!F76="",Resultados!G76=""),"",IF(AND(F76=Resultados!F76,G76=Resultados!G76),2,IF(((F76>G76)=(Resultados!F76>Resultados!G76))*((F76<G76)=(Resultados!F76<Resultados!G76)),1,0)))
B77: 46190 | C77: 0.25 | D77: J1 | E77: Austria | F77: 1 | G77: 0 | H77: Jordania | J77: =IF(OR(Resultados!F77="",Resultados!G77=""),"",IF(AND(F77=Resultados!F77,G77=Resultados!G77),2,IF(((F77>G77)=(Resultados!F77>Resultados!G77))*((F77<G77)=(Resultados!F77<Resultados!G77)),1,0)))
B78: 46195 | C78: 0.79166667 | D78: J2 | E78: Argentina | F78: 2 | G78: 1 | H78: Austria | J78: =IF(OR(Resultados!F78="",Resultados!G78=""),"",IF(AND(F78=Resultados!F78,G78=Resultados!G78),2,IF(((F78>G78)=(Resultados!F78>Resultados!G78))*((F78<G78)=(Resultados!F78<Resultados!G78)),1,0)))
B79: 46196 | C79: 0.20833333 | D79: J2 | E79: Jordania | F79: 1 | G79: 1 | H79: Argelia | J79: =IF(OR(Resultados!F79="",Resultados!G79=""),"",IF(AND(F79=Resultados!F79,G79=Resultados!G79),2,IF(((F79>G79)=(Resultados!F79>Resultados!G79))*((F79<G79)=(Resultados!F79<Resultados!G79)),1,0)))
B80: 46201 | C80: 0.16666667 | D80: J3 | E80: Argelia | F80: 1 | G80: 2 | H80: Austria | J80: =IF(OR(Resultados!F80="",Resultados!G80=""),"",IF(AND(F80=Resultados!F80,G80=Resultados!G80),2,IF(((F80>G80)=(Resultados!F80>Resultados!G80))*((F80<G80)=(Resultados!F80<Resultados!G80)),1,0)))
B81: 46201 | C81: 0.16666667 | D81: J3 | E81: Jordania | F81: 2 | G81: 3 | H81: Argentina | J81: =IF(OR(Resultados!F81="",Resultados!G81=""),"",IF(AND(F81=Resultados!F81,G81=Resultados!G81),2,IF(((F81>G81)=(Resultados!F81>Resultados!G81))*((F81<G81)=(Resultados!F81<Resultados!G81)),1,0)))
B83: Fecha | C83: Hora | D83: Jor. | E83: Casa | F83: Gol | G83: Gol | H83: Fuera
A84: K | B84: 46190 | C84: 0.79166667 | D84: J1 | E84: Portugal | F84: 3 | G84: 0 | H84: RD Congo | J84: =IF(OR(Resultados!F84="",Resultados!G84=""),"",IF(AND(F84=Resultados!F84,G84=Resultados!G84),2,IF(((F84>G84)=(Resultados!F84>Resultados!G84))*((F84<G84)=(Resultados!F84<Resultados!G84)),1,0)))
B85: 46191 | C85: 0.16666667 | D85: J1 | E85: Uzbekistán | F85: 0 | G85: 1 | H85: Colombia | J85: =IF(OR(Resultados!F85="",Resultados!G85=""),"",IF(AND(F85=Resultados!F85,G85=Resultados!G85),2,IF(((F85>G85)=(Resultados!F85>Resultados!G85))*((F85<G85)=(Resultados!F85<Resultados!G85)),1,0)))
B86: 46196 | C86: 0.79166667 | D86: J2 | E86: Portugal | F86: 2 | G86: 0 | H86: Uzbekistán | J86: =IF(OR(Resultados!F86="",Resultados!G86=""),"",IF(AND(F86=Resultados!F86,G86=Resultados!G86),2,IF(((F86>G86)=(Resultados!F86>Resultados!G86))*((F86<G86)=(Resultados!F86<Resultados!G86)),1,0)))
B87: 46197 | C87: 0.16666667 | D87: J2 | E87: Colombia | F87: 1 | G87: 0 | H87: RD Congo | J87: =IF(OR(Resultados!F87="",Resultados!G87=""),"",IF(AND(F87=Resultados!F87,G87=Resultados!G87),2,IF(((F87>G87)=(Resultados!F87>Resultados!G87))*((F87<G87)=(Resultados!F87<Resultados!G87)),1,0)))
B88: 46201 | C88: 0.0625 | D88: J3 | E88: Colombia | F88: 2 | G88: 3 | H88: Portugal | J88: =IF(OR(Resultados!F88="",Resultados!G88=""),"",IF(AND(F88=Resultados!F88,G88=Resultados!G88),2,IF(((F88>G88)=(Resultados!F88>Resultados!G88))*((F88<G88)=(Resultados!F88<Resultados!G88)),1,0)))
B89: 46201 | C89: 0.0625 | D89: J3 | E89: RD Congo | F89: 1 | G89: 1 | H89: Uzbekistán | J89: =IF(OR(Resultados!F89="",Resultados!G89=""),"",IF(AND(F89=Resultados!F89,G89=Resultados!G89),2,IF(((F89>G89)=(Resultados!F89>Resultados!G89))*((F89<G89)=(Resultados!F89<Resultados!G89)),1,0)))
B91: Fecha | C91: Hora | D91: Jor. | E91: Casa | F91: Gol | G91: Gol | H91: Fuera
A92: L | B92: 46190 | C92: 0.91666667 | D92: J1 | E92: Inglaterra | F92: 2 | G92: 1 | H92: Croacia | J92: =IF(OR(Resultados!F92="",Resultados!G92=""),"",IF(AND(F92=Resultados!F92,G92=Resultados!G92),2,IF(((F92>G92)=(Resultados!F92>Resultados!G92))*((F92<G92)=(Resultados!F92<Resultados!G92)),1,0)))
B93: 46191 | C93: 0.041666667 | D93: J1 | E93: Ghana | F93: 0 | G93: 1 | H93: Panamá | J93: =IF(OR(Resultados!F93="",Resultados!G93=""),"",IF(AND(F93=Resultados!F93,G93=Resultados!G93),2,IF(((F93>G93)=(Resultados!F93>Resultados!G93))*((F93<G93)=(Resultados!F93<Resultados!G93)),1,0)))
B94: 46196 | C94: 0.91666667 | D94: J2 | E94: Inglaterra | F94: 2 | G94: 0 | H94: Ghana | J94: =IF(OR(Resultados!F94="",Resultados!G94=""),"",IF(AND(F94=Resultados!F94,G94=Resultados!G94),2,IF(((F94>G94)=(Resultados!F94>Resultados!G94))*((F94<G94)=(Resultados!F94<Resultados!G94)),1,0)))
B95: 46197 | C95: 0.041666667 | D95: J2 | E95: Panamá | F95: 1 | G95: 2 | H95: Croacia | J95: =IF(OR(Resultados!F95="",Resultados!G95=""),"",IF(AND(F95=Resultados!F95,G95=Resultados!G95),2,IF(((F95>G95)=(Resultados!F95>Resultados!G95))*((F95<G95)=(Resultados!F95<Resultados!G95)),1,0)))
B96: 46200 | C96: 0.95833333 | D96: J3 | E96: Panamá | F96: 2 | G96: 3 | H96: Inglaterra | J96: =IF(OR(Resultados!F96="",Resultados!G96=""),"",IF(AND(F96=Resultados!F96,G96=Resultados!G96),2,IF(((F96>G96)=(Resultados!F96>Resultados!G96))*((F96<G96)=(Resultados!F96<Resultados!G96)),1,0)))
B97: 46200 | C97: 0.95833333 | D97: J3 | E97: Croacia | F97: 2 | G97: 0 | H97: Ghana | J97: =IF(OR(Resultados!F97="",Resultados!G97=""),"",IF(AND(F97=Resultados!F97,G97=Resultados!G97),2,IF(((F97>G97)=(Resultados!F97>Resultados!G97))*((F97<G97)=(Resultados!F97<Resultados!G97)),1,0)))
